brand_id, active,brand_name,is_deleted,description,category_id,flavour_id,created_at,is_deleted,description,flavour_name,updated_at, brand_id,is_active,id,created_at,description ,is_active ,is_deleted,name
1,1,AlphaTech,0,Refreshing and flavorful beverages for all tastes.,522,27,1/9/2024 19:03,0,Earthy and sweet with beetroot depth,Specialty cocktail mixers,1/9/2024 19:03,734,1,27,1/9/2024 19:03,High-quality digital marketing sourced from trusted suppliers.,1,0,Watches
2,1,BetaFoods,0,Household essentials crafted with quality in mind.,609,28,5/31/2023 10:25,0,Tangy and refreshing with passion fruit,Quality outdoor apparel,5/31/2023 10:25,118,1,28,5/31/2023 10:25,Leading provider of cutting-edge designs for modern businesses.,1,0,Lighting & Decor
3,1,GammaWear,0,Creative media production and digital campaigns.,715,29,7/6/2025 16:10,0,Smooth and mellow with maple syrup,Innovative fitness tools,7/6/2025 16:10,441,1,29,7/6/2025 16:10,Premium unique offerings designed for daily use.,1,0,Collectibles
4,1,DeltaDrinks,0,Fresh groceries sourced from trusted suppliers.,52,30,8/19/2024 12:41,0,Zesty and aromatic with bergamot oil,Comfortable loungewear,8/19/2024 12:41,365,1,30,8/19/2024 12:41,Fun and educational fashion and apparel for children of all ages.,1,0,Industrial Supplies
5,1,EpsilonGoods,0,High-quality fabrics for fashion and interior design.,830,31,3/4/2023 21:17,0,Creamy and soft with white chocolate,Natural facial cleansers,3/4/2023 21:17,587,1,31,3/4/2023 21:17,Creative solutions for home and lifestyle products to enhance productivity.,1,0,Software
6,1,ZetaMedia,0,Innovative health and wellness products.,44,32,12/15/2025 8:07,0,Fruity and juicy with watermelon burst,Gourmet baking ingredients,12/15/2025 8:07,660,1,32,12/15/2025 8:07,Advanced technology-driven services for smarter living.,1,0,Luxury Goods
7,1,EtaFresh,0,Electronics that combine style and performance.,845,33,10/27/2024 17:56,0,Spicy and fiery with chili pepper heat,Outdoor picnic sets,10/27/2024 17:56,304,1,33,10/27/2024 17:56,Reliable tools and equipment for corporate efficiency.,1,0,Handmade
8,1,ThetaCloth,0,Delicious snacks made from natural ingredients.,38,34,1/20/2023 13:03,0,Light and citrusy with grapefruit tang,High-quality sportswear,1/20/2023 13:03,640,1,34,1/20/2023 13:03,Health and wellness products for premium experiences that promote wellness.,1,0,Eco-Friendly Products
9,1,IotaHealth,0,Beauty products that inspire confidence.,870,35,4/10/2025 6:48,0,Sweet and tangy with pineapple sweetness,Handcrafted wooden toys,4/10/2025 6:48,674,1,35,4/10/2025 6:48,Cutting-edge technology for innovative solutions designed for daily use.,1,0,Seasonal & Holidays
10,1,KappaElectronics,0,High-quality sports gear for champions.,458,36,5/4/2024 14:31,0,Bold and smoky with mesquite flavor,Sustainable home goods,5/4/2024 14:31,813,1,36,5/4/2024 14:31,Fun and educational digital marketing for children of all ages.,1,0,Stationery
11,1,LambdaSnacks,0,Fun and safe toys for children everywhere.,944,37,9/23/2023 11:20,0,Fresh and green with basil freshness,Delicious organic snacks,9/23/2023 11:20,907,1,37,9/23/2023 11:20,Specialty innovative solutions sourced from trusted suppliers.,1,0,Smart Home
12,1,MuBeauty,0,Precision tools for professionals and hobbyists.,859,38,6/30/2025 19:42,0,Nutty and rich with peanut butter taste,Natural bath salts,6/30/2025 19:42,888,1,38,6/30/2025 19:42,Innovative unique offerings to enhance productivity.,1,0,Personal Care
13,1,NuSports,0,Home products that blend design and functionality.,480,39,3/14/2024 9:05,0,Sweet and floral with rose water aroma,Premium workout gear,3/14/2024 9:05,209,1,39,3/14/2024 9:05,High-quality home and lifestyle products crafted with care.,1,0,Outdoor Gear
14,1,XiToys,0,Specialty coffee for the true connoisseur.,743,40,8/28/2023 15:16,0,Tart and tangy with rhubarb zing,Designer sunglasses,8/28/2023 15:16,155,1,40,8/28/2023 15:16,Creative solutions for balanced life for trendsetters.,1,0,Party Supplies
15,1,OmicronTools,0,Natural fruit juices packed with vitamins.,862,41,10/21/2025 22:34,0,Smooth and creamy with mascarpone notes,Healthy hydration products,10/21/2025 22:34,976,1,41,10/21/2025 22:34,Leading provider of fashion and apparel for modern businesses.,1,0,Baby Gear
16,1,PiHome,0,Freshly baked bread and pastries daily.,471,42,7/7/2024 5:42,0,Earthy and woody with sandalwood essence,Organic face masks,7/7/2024 5:42,963,1,42,7/7/2024 5:42,Advanced technology-driven services designed for daily use.,1,0,Security & Safety
17,1,RhoCoffee,0,Pet care products for happy and healthy animals.,610,43,12/12/2023 20:50,0,Sweet and fruity with peach nectar,Specialty tea blends,12/12/2023 20:50,532,1,43,12/12/2023 20:50,Eco-friendly solutions for cutting-edge designs to reduce environmental impact.,1,0,Camping & Hiking
18,1,SigmaJuice,0,Innovative tech solutions for modern life.,579,44,1/29/2025 10:03,0,Sharp and spicy with black pepper kick,Quality hiking clothes,1/29/2025 10:03,675,1,44,1/29/2025 10:03,Premium corporate efficiency crafted with care.,1,0,Bags & Luggage
19,1,TauBakery,0,High-quality food products for every kitchen.,3,45,2/25/2024 16:57,0,Light and zesty with lemon zest,Innovative smart devices,2/25/2024 16:57,452,1,45,2/25/2024 16:57,Reliable tools and equipment for innovative solutions.,1,0,Home Improvement
20,1,UpsilonPets,0,Fashion-forward clothing for trendsetters.,655,46,6/6/2023 8:14,0,Buttery and smooth with shortbread notes,Comfortable sports bras,6/6/2023 8:14,720,1,46,6/6/2023 8:14,Fun and educational home and lifestyle products for children of all ages.,1,0,Gardening Tools
21,1,PhiFashion,0,Refreshing drinks with natural flavors.,836,47,8/13/2025 13:23,0,Fresh and bright with kiwi tartness,Natural lip scrubs,8/13/2025 13:23,573,1,47,8/13/2025 13:23,Creative solutions for digital marketing sourced from trusted suppliers.,1,0,Smart Devices
22,1,ChiBooks,0,Everyday products designed with quality in mind.,648,48,4/30/2024 18:37,0,Sweet and warm with caramelized sugar,Gourmet cooking spices,4/30/2024 18:37,399,1,48,4/30/2024 18:37,Health and wellness products for unique offerings that promote wellness.,1,0,Home Appliances
23,1,PsiEnergy,0,Digital media solutions that engage audiences.,497,49,11/19/2023 22:40,0,Bold and robust with espresso flavor,Outdoor adventure equipment,11/19/2023 22:40,736,1,49,11/19/2023 22:40,High-quality innovative solutions for smarter living.,1,0,Cleaning Supplies
24,1,OmegaSolutions,0,Fresh and organic produce delivered daily.,464,50,3/3/2025 7:55,0,Juicy and tropical with mango sweetness,High-end fitness trackers,3/3/2025 7:55,581,1,50,3/3/2025 7:55,Specialty corporate efficiency designed for daily use.,1,0,Photography
25,1,ApexFoods,0,Comfortable and stylish clothing options.,194,51,9/26/2024 12:06,0,Smoky and savory with bacon undertones,Handmade jewelry boxes,9/26/2024 12:06,117,1,51,9/26/2024 12:06,Leading provider of fashion and apparel sourced from trusted suppliers.,1,0,Musical Instruments
26,1,NovaWear,0,Health supplements for a better lifestyle.,275,52,7/14/2023 6:22,0,Floral and delicate with chamomile notes,Sustainable fashion accessories,7/14/2023 6:22,621,1,52,7/14/2023 6:22,Creative solutions for technology-driven services for trendsetters.,1,0,Craft Supplies
27,1,VegaDrinks,0,Electronics designed for modern needs.,501,53,5/18/2025 15:40,0,Tangy and spicy with tamarind twist,Delicious gluten-free treats,5/18/2025 15:40,375,1,53,5/18/2025 15:40,Fresh and organic produce for modern businesses.,1,0,Hobbies & Leisure
28,1,LunaGoods,0,Delicious snacks made with care.,68,54,1/15/2024 21:19,0,Creamy and rich with dulce de leche,Natural skin serums,1/15/2024 21:19,4,1,54,1/15/2024 21:19,Advanced technology-driven services for innovative solutions.,1,0,Gift & Wrap
29,1,OrionMedia,0,Beauty products that enhance natural beauty.,693,55,10/8/2023 9:33,0,Fresh and crisp with green apple bite,Premium outdoor lighting,10/8/2023 9:33,96,1,55,10/8/2023 9:33,Comprehensive home and lifestyle products to enhance productivity.,1,0,Bicycles
30,1,StellarFresh,0,Sports gear for professionals and enthusiasts.,382,56,12/3/2025 3:51,0,Nutty and toasty with almond crunch,Designer handbags,12/3/2025 3:51,141,1,56,12/3/2025 3:51,Fun and educational unique offerings for children of all ages.,1,0,Swimming
31,1,CosmoCloth,0,Fun and educational toys for kids.,528,57,6/23/2024 14:27,0,Sweet and bright with orange blossom,Healthy meal replacements,6/23/2024 14:27,30,1,57,6/23/2024 14:27,Eco-friendly solutions for fashion and apparel to reduce environmental impact.,1,0,Winter Sports
32,1,QuantumHealth,0,Reliable tools for home and workshop.,404,58,2/20/2023 17:39,0,Sharp and aromatic with star anise,Organic baby care,2/20/2023 17:39,204,1,58,2/20/2023 17:39,High-quality corporate efficiency crafted with care.,1,0,Water Sports
33,1,VertexElectronics,0,Home essentials designed for convenience.,362,59,4/27/2025 11:42,0,Earthy and rich with mushroom depth,Specialty coffee roasters,4/27/2025 11:42,769,1,59,4/27/2025 11:42,Reliable tools and equipment for smarter living.,1,0,Fishing
34,1,NimbusSnacks,0,Specialty coffee beans roasted to perfection.,710,60,8/10/2024 20:56,0,Light and fruity with raspberry tartness,Quality running gear,8/10/2024 20:56,786,1,60,8/10/2024 20:56,Specialty cutting-edge designs for trendsetters.,1,0,Hunting
35,1,HelixBeauty,0,Natural fruit juices with fresh flavors.,742,61,5/16/2023 13:48,0,Spicy and sweet with clove warmth,Innovative wireless chargers,5/16/2023 13:48,755,1,61,5/16/2023 13:48,Health and wellness products for digital marketing that promote wellness.,1,0,Camping Gear
36,1,PinnacleSports,0,Freshly baked pastries and bread.,813,62,7/21/2025 8:17,0,Smooth and mellow with vanilla bean,Comfortable yoga pants,7/21/2025 8:17,138,1,62,7/21/2025 8:17,Creative solutions for home and lifestyle products designed for daily use.,1,0,Ethnic & Regional
37,1,SummitToys,0,Products to keep pets healthy and happy.,948,63,10/5/2024 18:05,0,Bright and fresh with mint leaf,Natural hair oils,10/5/2024 18:05,474,1,63,10/5/2024 18:05,Leading provider of premium experiences for modern businesses.,1,0,Organic Products
38,1,ZenithTools,0,Smart technology solutions for daily life.,777,64,1/3/2023 22:30,0,Sweet and juicy with strawberry burst,Gourmet cheese boards,1/3/2023 22:30,835,1,64,1/3/2023 22:30,Fun and educational children of all ages for innovative solutions.,1,0,Vintage
39,1,HorizonHome,0,Nutritious and tasty food items.,290,65,2/11/2025 6:13,0,Bold and smoky with hickory flavor,Outdoor travel gear,2/11/2025 6:13,541,1,65,2/11/2025 6:13,Premium home and lifestyle products for balanced life.,1,0,Retro Items
40,1,AuroraCoffee,0,Stylish apparel for modern lifestyles.,760,66,5/27/2024 15:26,0,Tangy and crisp with lime splash,High-end audio headphones,5/27/2024 15:26,793,1,66,5/27/2024 15:26,Advanced technology-driven services for home and lifestyle products.,1,0,DIY
41,1,SierraJuice,0,Refreshing beverages for all occasions.,980,67,9/14/2023 10:35,0,Creamy and buttery with corn silk,Handmade home decor,9/14/2023 10:35,891,1,67,9/14/2023 10:35,Comprehensive corporate efficiency designed for daily use.,1,0,Green Energy
42,1,TitanBakery,0,Everyday essentials made with care.,48,68,11/9/2025 21:04,0,Fruity and vibrant with cherry notes,Sustainable gardening tools,11/9/2025 21:04,105,1,68,11/9/2025 21:04,High-quality unique offerings sourced from trusted suppliers.,1,0,Wearable Tech
43,1,AtlasPets,0,Creative solutions for digital media campaigns.,409,69,3/22/2024 7:54,0,Spicy and aromatic with nutmeg spice,Delicious organic teas,3/22/2024 7:54,385,1,69,3/22/2024 7:54,Innovative fashion and apparel for trendsetters.,1,0,Gaming
44,1,FusionTech,0,Fresh groceries sourced from trusted farms.,541,70,8/2/2023 14:22,0,Light and zesty with tangerine peel,Natural bath bombs,8/2/2023 14:22,629,1,70,8/2/2023 14:22,Specialty innovative solutions for smarter living.,1,0,Board Games
45,1,PrimeFoods,0,High-quality fabrics for fashion and interiors.,246,71,6/15/2025 12:41,0,Sweet and rich with molasses undertones,Premium workout gear,6/15/2025 12:41,328,1,71,6/15/2025 12:41,Reliable tools and equipment for home and lifestyle products.,1,0,Card Games
46,1,NextWear,0,Health supplements for a balanced lifestyle.,427,72,12/29/2024 17:08,0,Fresh and herbal with thyme essence,Designer men's shoes,12/29/2024 17:08,704,1,72,12/29/2024 17:08,Creative solutions for digital marketing to enhance productivity.,1,0,Puzzles
47,1,CoreDrinks,0,Electronics that make life easier.,596,73,4/8/2023 19:52,0,Nutty and creamy with cashew butter,Healthy snack mixes,4/8/2023 19:52,701,1,73,4/8/2023 19:52,Eco-friendly solutions for innovative solutions to reduce environmental impact.,1,0,Educational
48,1,EpicGoods,0,Delicious snacks made with care.,563,74,1/25/2025 5:27,0,Sharp and tangy with tamarillo zest,Organic skincare kits,1/25/2025 5:27,909,1,74,1/25/2025 5:27,Health and wellness products for cutting-edge designs that promote wellness.,1,0,Kids Clothing
49,1,AlphaMedia,0,Beauty products for every occasion.,943,75,7/18/2024 10:46,0,Earthy and smooth with dark rye,Specialty baking tools,7/18/2024 10:46,930,1,75,7/18/2024 10:46,Fun and educational home and lifestyle products for children of all ages.,1,0,Men’s Clothing
50,1,BetaFresh,0,Sports gear and apparel for all levels.,328,76,11/30/2023 15:18,0,Bold and aromatic with coffee notes,Quality yoga blocks,11/30/2023 15:18,107,1,76,11/30/2023 15:18,Leading provider of innovative solutions for trendsetters.,1,0,Women’s Clothing
51,1,GammaCloth,0,Fun and safe toys for children.,478,77,3/19/2025 20:30,0,Sweet and floral with elderflower aroma,Innovative smart lighting,3/19/2025 20:30,588,1,77,3/19/2025 20:30,Premium corporate efficiency crafted with care.,1,0,Unisex Clothing
52,1,DeltaHealth,0,Durable and reliable tools.,292,78,2/11/2024 9:14,0,Tangy and refreshing with yuzu citrus,Comfortable winter jackets,2/11/2024 9:14,410,1,78,2/11/2024 9:14,Advanced technology-driven services for digital marketing.,1,0,Luxury Fashion
53,1,EpsilonElectronics,0,Home essentials designed with quality.,685,79,6/22/2023 13:49,0,Creamy and smooth with panna cotta,Natural beard oils,6/22/2023 13:49,568,1,79,6/22/2023 13:49,Creative solutions for fashion and apparel designed for daily use.,1,0,Casual Wear
54,1,ZetaSnacks,0,Specialty coffee with rich flavors.,804,80,8/29/2025 6:07,0,Fresh and bright with cucumber slice,Gourmet dessert toppings,8/29/2025 6:07,558,1,80,8/29/2025 6:07,High-quality home and lifestyle products for modern businesses.,1,0,Formal Wear
55,1,EtaBeauty,0,Natural fruit juices with vitamins.,764,81,4/14/2024 22:55,0,Spicy and bold with cayenne heat,Outdoor fishing accessories,4/14/2024 22:55,459,1,81,4/14/2024 22:55,Innovative unique offerings sourced from trusted suppliers.,1,0,Workwear
56,1,ThetaSports,0,Freshly baked artisan bread and pastries.,35,82,10/31/2023 11:33,0,Light and fruity with melon sweetness,High-quality hiking gear,10/31/2023 11:33,565,1,82,10/31/2023 11:33,Reliable tools and equipment for corporate efficiency.,1,0,Outerwear
57,1,IotaToys,0,Pet products to keep pets healthy and happy.,1000,83,5/4/2025 18:40,0,Buttery and sweet with pecan crunch,Handcrafted pottery bowls,5/4/2025 18:40,695,1,83,5/4/2025 18:40,Specialty premium experiences for trendsetters.,1,0,Activewear
58,1,KappaTools,0,Innovative technology for everyday life.,218,84,1/27/2024 7:23,0,Juicy and tart with cranberry splash,Sustainable travel accessories,1/27/2024 7:23,153,1,84,1/27/2024 7:23,Health and wellness products for smarter living.,1,0,Underwear
59,1,LambdaHome,0,Delicious and nutritious food items.,212,85,7/2/2023 14:16,0,Smoky and earthy with peat flavor,Delicious vegan snacks,7/2/2023 14:16,146,1,85,7/2/2023 14:16,Fun and educational children of all ages for balanced life.,1,0,Swimwear
60,1,MuCoffee,0,Trendy and fashionable apparel.,542,86,9/11/2025 21:01,0,Sweet and rich with fig syrup,Natural body scrubs,9/11/2025 21:01,782,1,86,9/11/2025 21:01,Creative solutions for home and lifestyle products to enhance productivity.,1,0,Accessories
61,1,NuJuice,0,Refreshing beverages for everyone.,997,87,6/8/2024 4:39,0,Sharp and fresh with lemongrass,Premium ski apparel,6/8/2024 4:39,978,1,87,6/8/2024 4:39,Leading provider of cutting-edge designs for modern businesses.,1,0,Eyewear
62,1,XiBakery,0,Everyday essentials made with care.,444,88,2/15/2023 17:22,0,Earthy and woody with cedar notes,Designer leather shoes,2/15/2023 17:22,145,1,88,2/15/2023 17:22,Premium home and lifestyle products for innovative solutions.,1,0,Hats & Caps
63,1,OmicronPets,0,Creative digital media solutions.,512,89,12/25/2025 10:50,0,Smooth and creamy with ricotta cheese,Healthy energy bars,12/25/2025 10:50,826,1,89,12/25/2025 10:50,Advanced technology-driven services designed for daily use.,1,0,Scarves & Gloves
64,1,PiTech,0,Fresh groceries delivered daily.,286,90,9/3/2024 15:36,0,Fruity and vibrant with passion fruit,Organic baby toys,9/3/2024 15:36,798,1,90,9/3/2024 15:36,Fun and educational unique offerings for children of all ages.,1,0,Belts
65,1,RhoFoods,0,High-quality fabrics for fashion and interiors.,74,91,5/7/2023 12:48,0,Spicy and warm with gingerbread spice,Specialty espresso machines,5/7/2023 12:48,21,1,91,5/7/2023 12:48,Eco-friendly solutions for corporate efficiency to reduce environmental impact.,1,0,Wallets
66,1,SigmaWear,0,Health products promoting wellness.,819,92,7/29/2025 8:24,0,Light and zesty with blood orange,Quality running gear,7/29/2025 8:24,906,1,92,7/29/2025 8:24,High-quality digital marketing crafted with care.,1,0,Sunglasses
67,1,TauDrinks,0,Electronics for modern living.,177,93,10/20/2024 19:17,0,Sweet and nutty with walnut crunch,Innovative smartphone accessories,10/20/2024 19:17,552,1,93,10/20/2024 19:17,Reliable tools and equipment for trendsetters.,1,0,Footwear
68,1,UpsilonGoods,0,Tasty snacks made from natural ingredients.,302,94,1/26/2023 23:03,0,Bold and rich with dark caramel,Comfortable athletic wear,1/26/2023 23:03,353,1,94,1/26/2023 23:03,Specialty innovative solutions for fashion and apparel.,1,0,Sneakers
69,1,PhiMedia,0,Beauty products for natural glow.,894,95,2/8/2025 14:27,0,Tangy and fresh with grapefruit tang,Natural lip balms,2/8/2025 14:27,949,1,95,2/8/2025 14:27,Health and wellness products for home and lifestyle products that promote wellness.,1,0,Boots
70,1,ChiFresh,0,Sports equipment and apparel for all levels.,838,96,5/16/2024 11:56,0,Creamy and mellow with mascarpone,Gourmet spice racks,5/16/2024 11:56,569,1,96,5/16/2024 11:56,Creative solutions for premium experiences for trendsetters.,1,0,Sandals
71,1,PsiCloth,0,Fun and educational toys for children.,642,97,9/28/2023 5:40,0,Fresh and crisp with snap pea,Outdoor camping gear,9/28/2023 5:40,882,1,97,9/28/2023 5:40,Leading provider of innovative solutions for smarter living.,1,0,Slippers
72,1,OmegaHealth,0,Durable tools for home and workshop.,514,98,11/19/2025 17:58,0,Nutty and buttery with macadamia,High-end fitness apparel,11/19/2025 17:58,776,1,98,11/19/2025 17:58,Fun and educational children of all ages for modern businesses.,1,0,Dress Shoes
73,1,ApexElectronics,0,Home essentials with quality and design.,129,99,3/1/2024 22:07,0,Sharp and spicy with horseradish,Handmade jewelry pieces,3/1/2024 22:07,468,1,99,3/1/2024 22:07,Premium corporate efficiency sourced from trusted suppliers.,1,0,Work Shoes
74,1,NovaSnacks,0,Specialty coffee roasted to perfection.,537,100,8/25/2023 13:14,0,Earthy and sweet with roasted beet,Sustainable fashion lines,8/25/2023 13:14,476,1,100,8/25/2023 13:14,Advanced technology-driven services for unique offerings.,1,0,Safety Shoes
75,1,VegaBeauty,0,Fresh natural fruit juices.,696,101,6/2/2025 9:49,0,Sweet and aromatic with vanilla orchid,Delicious gluten-free meals,6/2/2025 9:49,283,1,101,6/2/2025 9:49,Comprehensive home and lifestyle products designed for daily use.,1,0,Socks
76,1,LunaSports,0,Artisan bakery products made fresh.,429,102,12/15/2024 16:42,0,Bright and citrusy with kaffir lime,Natural skin toners,12/15/2024 16:42,501,1,102,12/15/2024 16:42,High-quality cutting-edge designs for trendsetters.,1,0,Ties & Bowties
77,1,OrionToys,0,Pet care products for happy animals.,201,103,4/23/2023 8:31,0,Smooth and rich with butterscotch,Premium outdoor lighting,4/23/2023 8:31,940,1,103,4/23/2023 8:31,Innovative fashion and apparel for digital marketing.,1,0,Cufflinks
78,1,StellarTools,0,Smart technology solutions for daily life.,283,104,1/6/2025 20:03,0,Fruity and tart with blackcurrant,Designer fashion scarves,1/6/2025 20:03,420,1,104,1/6/2025 20:03,Specialty unique offerings for balanced life.,1,0,Watches & Jewelry
79,1,CosmoHome,0,Delicious and nutritious food products.,104,105,7/29/2024 12:18,0,Spicy and warm with allspice,Healthy protein bars,7/29/2024 12:18,966,1,105,7/29/2024 12:18,Reliable tools and equipment for home and lifestyle products.,1,0,Necklaces
80,1,QuantumCoffee,0,Fashionable clothing for modern lifestyles.,263,106,11/14/2023 7:05,0,Light and floral with lavender honey,Organic hair care kits,11/14/2023 7:05,818,1,106,11/14/2023 7:05,Creative solutions for innovative solutions to enhance productivity.,1,0,Bracelets
81,1,VertexJuice,0,Refreshing drinks for all ages.,822,107,3/28/2025 15:46,0,Sweet and creamy with white chocolate,Specialty cocktail glasses,3/28/2025 15:46,670,1,107,3/28/2025 15:46,Eco-friendly solutions for smarter living to reduce environmental impact.,1,0,Earrings
82,1,NimbusBakery,0,Everyday essentials made with quality.,705,108,2/18/2024 18:23,0,Bold and smoky with smoked paprika,Quality outdoor shoes,2/18/2024 18:23,312,1,108,2/18/2024 18:23,Health and wellness products for premium experiences that promote wellness.,1,0,Rings
83,1,HelixPets,0,Digital media solutions for businesses.,217,109,6/30/2023 6:14,0,Tangy and fresh with lime zest,Innovative fitness trackers,6/30/2023 6:14,489,1,109,6/30/2023 6:14,Fun and educational home and lifestyle products for children of all ages.,1,0,Body Jewelry
84,1,PinnacleTech,0,Fresh groceries sourced from trusted farms.,975,110,8/5/2025 11:56,0,Creamy and soft with coconut milk,Comfortable sleepwear sets,8/5/2025 11:56,337,1,110,8/5/2025 11:56,Leading provider of digital marketing for modern businesses.,1,0,Hair Accessories
85,1,SummitFoods,0,Comfortable and stylish fabrics.,384,111,4/22/2024 20:41,0,Fresh and crisp with green grape,Natural facial moisturizers,4/22/2024 20:41,391,1,111,4/22/2024 20:41,category_description,1,0,Makeup
86,1,ZenithWear,0,Wellness products for a healthier life.,782,112,10/10/2023 16:33,0,Nutty and rich with pistachio,Gourmet baking tools,10/10/2023 16:33,731,1,112,10/10/2023 16:33,Advanced technology-driven services for innovative solutions.,1,0,Skincare
87,1,HorizonDrinks,0,Electronics for modern living.,395,113,5/23/2025 10:29,0,Sharp and pungent with wasabi,Outdoor picnic gear,5/23/2025 10:29,244,1,113,5/23/2025 10:29,Fun and educational children of all ages for smarter living.,1,0,Fragrances
88,1,AuroraGoods,0,Delicious snacks for all ages.,765,114,1/12/2024 5:41,0,Earthy and deep with truffle aroma,High-quality sports equipment,1/12/2024 5:41,455,1,114,1/12/2024 5:41,Reliable tools and equipment for digital marketing.,1,0,Nail Care
89,1,SierraMedia,0,Beauty products for everyone.,848,115,7/26/2023 13:48,0,Sweet and juicy with peach slices,Handcrafted wooden furniture,7/26/2023 13:48,278,1,115,7/26/2023 13:48,Eco-friendly solutions for home and lifestyle products to reduce environmental impact.,1,0,Bath & Body
90,1,TitanFresh,0,Sports gear for professionals and amateurs.,545,116,9/17/2025 19:12,0,Spicy and bold with chili flakes,Sustainable home decor,9/17/2025 19:12,503,1,116,9/17/2025 19:12,Health and wellness products for unique offerings that promote wellness.,1,0,Hair Care
91,1,AtlasCloth,0,Safe and fun toys for children.,57,117,6/30/2024 22:55,0,Light and citrusy with lemon balm,Delicious organic snacks,6/30/2024 22:55,110,1,117,6/30/2024 22:55,Creative solutions for cutting-edge designs for trendsetters.,1,0,Men’s Grooming
92,1,FusionHealth,0,Reliable tools for home and workshop.,252,118,2/3/2023 7:17,0,Buttery and smooth with ghee notes,Natural bath salts,2/3/2023 7:17,825,1,118,2/3/2023 7:17,Leading provider of premium experiences for modern businesses.,1,0,Oral Care
93,1,PrimeElectronics,0,Home essentials made with quality.,144,119,12/12/2025 16:07,0,Juicy and tropical with papaya,Premium workout supplements,12/12/2025 16:07,583,1,119,12/12/2025 16:07,Specialty innovative solutions for corporate efficiency.,1,0,Health Supplements
94,1,NextSnacks,0,Specialty coffee roasted to perfection.,661,120,9/14/2024 10:36,0,Smoky and intense with mesquite wood,Designer sunglasses cases,9/14/2024 10:36,254,1,120,9/14/2024 10:36,High-quality fashion and apparel sourced from trusted suppliers.,1,0,Medical Supplies
95,1,CoreBeauty,0,Natural fruit juices with vitamins.,915,121,5/25/2023 21:05,0,Floral and delicate with hibiscus,Healthy hydration drinks,5/25/2023 21:05,688,1,121,5/25/2023 21:05,Fun and educational home and lifestyle products for children of all ages.,1,0,Fitness Equipment
96,1,EpicSports,0,Artisan bread and pastries baked daily.,305,122,7/8/2025 13:23,0,Tangy and spicy with tamarind paste,Organic face creams,7/8/2025 13:23,812,1,122,7/8/2025 13:23,Creative solutions for innovative solutions designed for daily use.,1,0,Yoga & Pilates
97,1,AlphaToys,0,Pet products to keep pets healthy and happy.,967,123,10/28/2024 6:49,0,Creamy and sweet with honeycomb,Specialty tea infusers,10/28/2024 6:49,955,1,123,10/28/2024 6:49,Premium corporate efficiency for balanced life.,1,0,Cardio Equipment
98,1,BetaTools,0,Smart technology for everyday life.,79,124,1/15/2023 14:31,0,Fresh and bright with snow pea,Quality hiking shoes,1/15/2023 14:31,872,1,124,1/15/2023 14:31,Advanced technology-driven services for smarter living.,1,0,Strength Training
99,1,GammaHome,0,Delicious and nutritious food products.,358,125,2/24/2025 20:04,0,Nutty and crunchy with toasted sesame,Innovative smart appliances,2/24/2025 20:04,8,1,125,2/24/2025 20:04,Reliable tools and equipment for home and lifestyle products.,1,0,Outdoor Sports
100,1,DeltaCoffee,0,Trendy clothing for all occasions.,301,126,5/2/2024 12:17,0,Sharp and aromatic with clove,Comfortable sports clothing,5/2/2024 12:17,829,1,126,5/2/2024 12:17,Specialty unique offerings for trendsetters.,1,0,Team Sports
101,1,EpsilonJuice,0,Refreshing beverages made naturally.,39,127,9/6/2023 18:47,0,Earthy and robust with shiitake mushroom,Natural lipsticks,9/6/2023 18:47,848,1,127,9/6/2023 18:47,Health and wellness products for digital marketing that promote wellness.,1,0,Water Activities
102,1,ZetaBakery,0,Everyday essentials for modern homes.,165,128,11/26/2025 7:59,0,Light and fruity with lychee,Gourmet cooking oils,11/26/2025 7:59,346,1,128,11/26/2025 7:59,Fun and educational children of all ages for innovative solutions.,1,0,Winter Activities
103,1,EtaPets,0,Creative solutions for digital media campaigns.,521,129,3/18/2024 15:29,0,Spicy and warm with star anise,Outdoor adventure gear,3/18/2024 15:29,362,1,129,3/18/2024 15:29,Creative solutions for premium experiences to enhance productivity.,1,0,Motor Sports
104,1,ThetaTech,0,Fresh groceries sourced from trusted suppliers.,886,130,8/7/2023 9:54,0,Sweet and rich with caramelized banana,High-end sound equipment,8/7/2023 9:54,219,1,130,8/7/2023 9:54,Leading provider of corporate efficiency for modern businesses.,1,0,Cycling
105,1,IotaFoods,0,High-quality fabrics for fashion and interiors.,756,131,6/10/2025 21:13,0,Bold and smoky with chipotle,Handmade ceramic mugs,6/10/2025 21:13,266,1,131,6/10/2025 21:13,High-quality home and lifestyle products crafted with care.,1,0,Running
106,1,KappaWear,0,Health products for a balanced lifestyle.,898,132,12/5/2024 11:45,0,Tangy and fresh with calamansi,Sustainable fashion brands,12/5/2024 11:45,554,1,132,12/5/2024 11:45,Innovative fashion and apparel for balanced life.,1,0,Hiking
107,1,LambdaDrinks,0,Electronics that make life easier.,748,133,4/30/2023 6:36,0,Creamy and smooth with cream cheese,Delicious vegan meals,4/30/2023 6:36,148,1,133,4/30/2023 6:36,Specialty cutting-edge designs designed for daily use.,1,0,Climbing
108,1,MuGoods,0,Delicious snacks made with care.,58,134,1/18/2025 17:22,0,Fresh and crisp with fennel,Natural body lotions,1/18/2025 17:22,916,1,134,1/18/2025 17:22,Reliable tools and equipment for smarter living.,1,0,Fishing & Hunting
109,1,NuMedia,0,Beauty products for natural enhancement.,644,135,7/11/2024 8:49,0,Nutty and smooth with almond butter,Premium ski gear,7/11/2024 8:49,716,1,135,7/11/2024 8:49,Fun and educational unique offerings for children of all ages.,1,0,Survival Gear
110,1,XiFresh,0,Sports gear for professionals and enthusiasts.,863,136,11/22/2023 19:40,0,Sharp and pungent with garlic,Designer leather bags,11/22/2023 19:40,225,1,136,11/22/2023 19:40,Creative solutions for digital marketing to enhance productivity.,1,0,Tactical Equipment
111,1,OmicronCloth,0,Safe and fun toys for kids.,906,137,3/7/2025 10:16,0,Earthy and sweet with sweet potato,Healthy snack packs,3/7/2025 10:16,134,1,137,3/7/2025 10:16,Premium home and lifestyle products for modern businesses.,1,0,Photography Gear
112,1,PiHealth,0,Reliable tools for home and DIY.,676,138,2/26/2024 14:33,0,Sweet and floral with orange blossom honey,Organic baby products,2/26/2024 14:33,121,1,138,2/26/2024 14:33,Advanced technology-driven services for innovative solutions.,1,0,Video Equipment
113,1,RhoElectronics,0,Smart technology solutions for modern life.,88,139,6/11/2023 23:08,0,Bright and citrusy with lime leaf,Specialty coffee blends,6/11/2023 23:08,618,1,139,6/11/2023 23:08,Health and wellness products for premium experiences that promote wellness.,1,0,Computing
114,1,SigmaSnacks,0,Delicious and nutritious food products.,227,140,8/16/2025 5:52,0,Smooth and rich with dulce de leche,Quality running accessories,8/16/2025 5:52,941,1,140,8/16/2025 5:52,Eco-friendly solutions for unique offerings to reduce environmental impact.,1,0,Networking
115,1,TauBeauty,0,Fashionable clothing for trendsetters.,878,141,4/1/2024 16:18,0,Fruity and tart with gooseberry,Innovative wireless headphones,4/1/2024 16:18,732,1,141,4/1/2024 16:18,Fun and educational children of all ages for home and lifestyle products.,1,0,Storage Devices
116,1,UpsilonSports,0,Refreshing beverages crafted from natural ingredients.,154,142,10/24/2023 13:45,0,Spicy and warm with cinnamon bark,Comfortable yoga tops,10/24/2023 13:45,563,1,142,10/24/2023 13:45,Leading provider of innovative solutions for trendsetters.,1,0,Peripherals
117,1,PhiToys,0,Everyday essentials made with durability and style.,607,143,5/9/2025 19:54,0,Light and floral with elderflower syrup,Natural hair conditioners,5/9/2025 19:54,212,1,143,5/9/2025 19:54,Creative solutions for corporate efficiency designed for daily use.,1,0,Software & Apps
118,1,ChiTools,0,Digital media campaigns that engage and inspire.,853,144,1/29/2024 22:03,0,Sweet and creamy with panna cotta,Gourmet cheese assortments,1/29/2024 22:03,539,1,144,1/29/2024 22:03,High-quality fashion and apparel for modern businesses.,1,0,Mobile Devices
119,1,PsiHome,0,Fresh produce sourced from trusted farms.,724,145,7/5/2023 7:27,0,Bold and smoky with smoked sea salt,Outdoor travel backpacks,7/5/2023 7:27,401,1,145,7/5/2023 7:27,Specialty unique offerings sourced from trusted suppliers.,1,0,Wearables
120,1,OmegaCoffee,0,Comfortable and high-quality fabrics for all occasions.,59,146,9/25/2025 11:36,0,Tangy and fresh with bergamot,High-end audio systems,9/25/2025 11:36,599,1,146,9/25/2025 11:36,Reliable tools and equipment for innovative solutions.,1,0,Smart Home Devices
121,1,ApexJuice,0,Wellness products promoting health and vitality.,580,147,6/15/2024 20:42,0,Creamy and soft with mascarpone cheese,Handmade home accessories,6/15/2024 20:42,344,1,147,6/15/2024 20:42,Fun and educational home and lifestyle products for children of all ages.,1,0,Audio Equipment
122,1,NovaBakery,0,High-performance electronics for home and office.,677,148,2/28/2023 10:51,0,Fresh and crisp with apple slice,Sustainable gardening supplies,2/28/2023 10:51,512,1,148,2/28/2023 10:51,Creative solutions for cutting-edge designs to enhance productivity.,1,0,Television & Video
123,1,VegaPets,0,Tasty and healthy snack options for families.,766,149,12/7/2025 6:18,0,Nutty and rich with hazelnut spread,Delicious organic beverages,12/7/2025 6:18,234,1,149,12/7/2025 6:18,Health and wellness products for smarter living.,1,0,Car Electronics
124,1,LunaTech,0,Beauty products designed to enhance natural glow.,361,150,9/9/2024 17:26,0,Sharp and pungent with radish,Natural bath oils,9/9/2024 17:26,447,1,150,9/9/2024 17:26,Advanced technology-driven services for premium experiences.,1,0,Drones
125,1,OrionFoods,0,Sports equipment and apparel for professionals.,869,151,5/18/2023 12:47,0,Earthy and deep with roasted chestnut,Premium workout clothing,5/18/2023 12:47,641,1,151,5/18/2023 12:47,Leading provider of digital marketing for trendsetters.,1,0,3D Printing
126,1,StellarWear,0,Fun and safe toys for children of all ages.,781,152,7/13/2025 15:33,0,Sweet and juicy with raspberry,Designer men's accessories,7/13/2025 15:33,530,1,152,7/13/2025 15:33,Premium home and lifestyle products for balanced life.,1,0,Robotics
127,1,CosmoDrinks,0,Durable and reliable tools for DIY enthusiasts.,716,153,10/11/2024 23:59,0,Spicy and bold with Sichuan pepper,Healthy snack options,10/11/2024 23:59,577,1,153,10/11/2024 23:59,Fun and educational children of all ages for innovative solutions.,1,0,Office Furniture
128,1,QuantumGoods,0,Innovative smart home solutions for modern living.,92,154,1/29/2023 5:08,0,Light and citrusy with orange peel,Organic skincare products,1/29/2023 5:08,70,1,154,1/29/2023 5:08,Creative solutions for corporate efficiency to enhance productivity.,1,0,School Supplies
129,1,VertexMedia,0,Specialty coffee beans roasted to perfection.,451,155,2/17/2025 9:52,0,Buttery and smooth with shortbread crust,Specialty baking sets,2/17/2025 9:52,233,1,155,2/17/2025 9:52,High-quality home and lifestyle products crafted with care.,1,0,Books
130,1,NimbusFresh,0,Freshly squeezed juices with natural flavors.,746,156,5/23/2024 16:04,0,Juicy and tropical with guava,Quality yoga gear,5/23/2024 16:04,180,1,156,5/23/2024 16:04,Specialty fashion and apparel for modern businesses.,1,0,Magazines
131,1,HelixCloth,0,Artisan bakery products made daily with care.,341,157,9/30/2023 21:36,0,Smoky and intense with hickory smoke,Innovative smart gadgets,9/30/2023 21:36,94,1,157,9/30/2023 21:36,Reliable tools and equipment for unique offerings.,1,0,E-books
132,1,PinnacleHealth,0,Quality pet products for happy and healthy animals.,185,158,11/15/2025 8:23,0,Floral and delicate with rose petal,Comfortable winter wear,11/15/2025 8:23,275,1,158,11/15/2025 8:23,Fun and educational home and lifestyle products for children of all ages.,1,0,Comics
133,1,SummitElectronics,0,Contemporary fashion brands for modern lifestyles.,932,159,3/29/2024 13:57,0,Tangy and spicy with chipotle pepper,Natural beard balms,3/29/2024 13:57,819,1,159,3/29/2024 13:57,Eco-friendly solutions for digital marketing to reduce environmental impact.,1,0,Music
134,1,ZenithSnacks,0,Wide selection of books and educational materials.,647,160,8/16/2023 19:12,0,Creamy and sweet with vanilla custard,Gourmet dessert sauces,8/16/2023 19:12,932,1,160,8/16/2023 19:12,Health and wellness products for cutting-edge designs that promote wellness.,1,0,Instruments
135,1,HorizonBeauty,0,Sustainable energy solutions for homes and businesses.,873,161,6/7/2025 7:46,0,Fresh and bright with baby spinach,Outdoor fishing gear,6/7/2025 7:46,613,1,161,6/7/2025 7:46,Creative solutions for innovative solutions designed for daily use.,1,0,Recording Gear
136,1,AuroraSports,0,Comprehensive corporate efficiency solutions.,667,162,12/18/2024 15:39,0,Nutty and crunchy with roasted pecans,High-quality hiking boots,12/18/2024 15:39,397,1,162,12/18/2024 15:39,Leading provider of premium experiences for trendsetters.,1,0,DJ Equipment
137,1,SierraToys,0,Delicious food products for everyday kitchens.,450,163,4/14/2023 10:29,0,Sharp and aromatic with anise,Handcrafted pottery items,4/14/2023 10:29,436,1,163,4/14/2023 10:29,Specialty innovative solutions for smarter living.,1,0,Crafting Tools
138,1,TitanTools,0,Modern clothing line with cutting-edge designs.,821,164,1/2/2025 22:47,0,Earthy and robust with black garlic,Sustainable travel kits,1/2/2025 22:47,965,1,164,1/2/2025 22:47,High-quality corporate efficiency sourced from trusted suppliers.,1,0,Sewing & Knitting
139,1,AtlasHome,0,Refreshing beverages for all tastes.,964,165,7/26/2024 14:55,0,Light and fruity with pomegranate,Delicious vegan desserts,7/26/2024 14:55,456,1,165,7/26/2024 14:55,Fun and educational children of all ages for home and lifestyle products.,1,0,Painting & Drawing
140,1,FusionCoffee,0,Household essentials crafted with quality in mind.,37,166,11/6/2023 5:12,0,Spicy and warm with coriander,Natural body scrubs,11/6/2023 5:12,669,1,166,11/6/2023 5:12,Creative solutions for fashion and apparel to enhance productivity.,1,0,Scrapbooking
141,1,PrimeJuice,0,Creative media production and marketing campaigns.,414,167,3/23/2025 18:24,0,Sweet and rich with brown sugar,Premium ski equipment,3/23/2025 18:24,724,1,167,3/23/2025 18:24,Premium home and lifestyle products for innovative solutions.,1,0,Collectibles & Memorabilia
142,1,NextBakery,0,Fresh groceries sourced from trusted suppliers.,355,168,2/10/2024 6:07,0,Bold and smoky with smoked meat,Designer leather goods,2/10/2024 6:07,834,1,168,2/10/2024 6:07,Advanced technology-driven services for digital marketing.,1,0,Antiques
143,1,CorePets,0,High-quality fabrics for fashion and interior design.,131,169,6/21/2023 13:38,0,Tangy and fresh with passion fruit juice,Healthy energy snacks,6/21/2023 13:38,79,1,169,6/21/2023 13:38,Reliable tools and equipment for unique offerings.,1,0,Coins & Stamps
144,1,EpicTech,0,Innovative health and wellness solutions.,6,170,8/28/2025 11:40,0,Creamy and smooth with Greek yogurt,Organic baby apparel,8/28/2025 11:40,388,1,170,8/28/2025 11:40,Fun and educational home and lifestyle products for children of all ages.,1,0,Toys
145,1,AlphaFoods,0,Electronics combining style and performance.,524,171,4/19/2024 20:53,0,Fresh and crisp with celery,Specialty espresso machines,4/19/2024 20:53,265,1,171,4/19/2024 20:53,Creative solutions for cutting-edge designs designed for daily use.,1,0,Action Figures
146,1,BetaWear,0,Delicious and nutritious snacks for all ages.,107,172,10/3/2023 17:14,0,Nutty and smooth with peanut butter,Quality running shoes,10/3/2023 17:14,865,1,172,10/3/2023 17:14,Health and wellness products for premium experiences that promote wellness.,1,0,Dolls
147,1,GammaDrinks,0,Beauty products that inspire confidence.,413,173,5/20/2025 12:25,0,Sharp and pungent with horseradish cream,Innovative smartphone cases,5/20/2025 12:25,905,1,173,5/20/2025 12:25,Leading provider of innovative solutions for modern businesses.,1,0,Building Sets
148,1,DeltaGoods,0,High-quality sports gear for champions.,900,174,1/4/2024 7:46,0,Earthy and sweet with caramelized onion,Comfortable athletic socks,1/4/2024 7:46,129,1,174,1/4/2024 7:46,Specialty fashion and apparel for balanced life.,1,0,Outdoor Play
149,1,EpsilonMedia,0,Fun and safe toys for children everywhere.,122,175,7/16/2023 21:19,0,Sweet and floral with lavender syrup,Natural lip care products,7/16/2023 21:19,23,1,175,7/16/2023 21:19,High-quality home and lifestyle products crafted with care.,1,0,Educational Toys
150,1,ZetaFresh,0,Precision tools for professionals and hobbyists.,883,176,9/8/2025 14:33,0,Bright and citrusy with grapefruit zest,Gourmet spice collections,9/8/2025 14:33,354,1,176,9/8/2025 14:33,Fun and educational children of all ages for smarter living.,1,0,Board Games
151,1,EtaCloth,0,Home products that combine design and functionality.,692,177,6/22/2024 8:51,0,Smooth and rich with butterscotch sauce,Outdoor camping supplies,6/22/2024 8:51,43,1,177,6/22/2024 8:51,Creative solutions for corporate efficiency sourced from trusted suppliers.,1,0,Puzzles
152,1,ThetaHealth,0,Specialty coffee for true connoisseurs.,142,178,2/6/2023 15:22,0,Fruity and tart with cherry,High-end fitness machines,2/6/2023 15:22,918,1,178,2/6/2023 15:22,Premium home and lifestyle products for trendsetters.,1,0,Party Supplies
153,1,IotaElectronics,0,Natural fruit juices packed with vitamins.,893,179,12/20/2025 19:07,0,Spicy and warm with turmeric,Handmade jewelry collections,12/20/2025 19:07,9,1,179,12/20/2025 19:07,Advanced technology-driven services for unique offerings.,1,0,Holiday Decorations
154,1,KappaSnacks,0,Freshly baked bread and pastries daily.,297,180,9/18/2024 12:46,0,Light and floral with chamomile tea,Sustainable fashion lines,9/18/2024 12:46,221,1,180,9/18/2024 12:46,Reliable tools and equipment for home and lifestyle products.,1,0,Gifts
155,1,LambdaBeauty,0,Pet care products for happy and healthy pets.,76,181,5/10/2023 6:39,0,Sweet and creamy with coconut cream,Delicious gluten-free snacks,5/10/2023 6:39,496,1,181,5/10/2023 6:39,Fun and educational children of all ages for innovative solutions.,1,0,Gift Cards
156,1,MuSports,0,Innovative technology solutions for modern living.,910,182,7/30/2025 21:48,0,Bold and smoky with mesquite BBQ,Natural skin care serums,7/30/2025 21:48,136,1,182,7/30/2025 21:48,Creative solutions for digital marketing to enhance productivity.,1,0,Greeting Cards
157,1,NuToys,0,High-quality food products for every kitchen.,455,183,10/1/2024 11:29,0,Tangy and fresh with lemon juice,Premium outdoor furniture,10/1/2024 11:29,610,1,183,10/1/2024 11:29,Health and wellness products for balanced life.,1,0,Wrapping Supplies
158,1,XiTools,0,Fashion-forward clothing for trendsetters.,436,184,1/7/2023 14:05,0,Creamy and soft with brie cheese,Designer fashion jewelry,1/7/2023 14:05,54,1,184,1/7/2023 14:05,Leading provider of cutting-edge designs for modern businesses.,1,0,Travel Accessories
159,1,OmicronHome,0,Refreshing drinks made with natural ingredients.,331,185,2/28/2025 17:51,0,Fresh and crisp with romaine lettuce,Healthy protein shakes,2/28/2025 17:51,235,1,185,2/28/2025 17:51,Specialty innovative solutions designed for daily use.,1,0,Luggage
160,1,PiCoffee,0,Everyday essentials designed for quality and convenience.,887,186,5/7/2024 7:04,0,Nutty and rich with walnut butter,Organic hair treatments,5/7/2024 7:04,183,1,186,5/7/2024 7:04,High-quality corporate efficiency crafted with care.,1,0,Backpacks
161,1,RhoJuice,0,Digital media solutions that engage audiences.,912,187,9/22/2023 22:14,0,Sharp and pungent with mustard seed,Specialty cocktail mixers,9/22/2023 22:14,555,1,187,9/22/2023 22:14,Fun and educational home and lifestyle products for children of all ages.,1,0,Travel Gear
162,1,SigmaBakery,0,Fresh and organic produce delivered daily.,203,188,11/10/2025 15:43,0,Earthy and deep with porcini mushroom,Quality outdoor apparel,11/10/2025 15:43,380,1,188,11/10/2025 15:43,Creative solutions for premium experiences for trendsetters.,1,0,Maps & Guides
163,1,TauPets,0,Comfortable and stylish clothing options.,190,189,3/16/2024 10:58,0,Sweet and juicy with apricot,Innovative fitness tools,3/16/2024 10:58,7,1,189,3/16/2024 10:58,Advanced technology-driven services for smarter living.,1,0,Car Accessories
164,1,UpsilonTech,0,Health supplements for a better lifestyle.,204,190,8/27/2023 19:37,0,Spicy and bold with black peppercorn,Comfortable loungewear,8/27/2023 19:37,528,1,190,8/27/2023 19:37,Reliable tools and equipment for unique offerings.,1,0,Motorcycle Gear
165,1,PhiFoods,0,Electronics designed for modern needs.,281,191,6/4/2025 8:06,0,Light and citrusy with lime zest,Natural facial cleansers,6/4/2025 8:06,858,1,191,6/4/2025 8:06,Specialty fashion and apparel sourced from trusted suppliers.,1,0,Truck Accessories
166,1,ChiWear,0,Delicious snacks made with care and quality.,489,192,12/10/2024 22:19,0,Buttery and smooth with pastry crust,Gourmet baking ingredients,12/10/2024 22:19,510,1,192,12/10/2024 22:19,Health and wellness products for innovative solutions that promote wellness.,1,0,Boating & Marine
167,1,PsiDrinks,0,Beauty products that enhance natural beauty.,211,193,4/4/2023 13:24,0,Juicy and tropical with mango puree,Outdoor picnic sets,4/4/2023 13:24,412,1,193,4/4/2023 13:24,Fun and educational children of all ages for home and lifestyle products.,1,0,RV Supplies
168,1,OmegaGoods,0,Sports gear and equipment for enthusiasts.,851,194,1/21/2025 5:50,0,Smoky and intense with smoked ham,High-quality sportswear,1/21/2025 5:50,352,1,194,1/21/2025 5:50,Creative solutions for corporate efficiency designed for daily use.,1,0,Pet Food
169,1,ApexMedia,0,Fun and educational toys for children.,197,195,7/14/2024 17:42,0,Floral and delicate with jasmine tea,Handcrafted wooden toys,7/14/2024 17:42,1,1,195,7/14/2024 17:42,Leading provider of digital marketing for modern businesses.,1,0,Pet Toys
170,1,NovaFresh,0,Reliable tools for home and professional use.,469,196,11/27/2023 12:05,0,Tangy and spicy with wasabi peas,Sustainable home goods,11/27/2023 12:05,415,1,196,11/27/2023 12:05,Premium home and lifestyle products for balanced life.,1,0,Pet Health
171,1,VegaCloth,0,Home essentials designed with convenience.,419,197,3/11/2025 21:35,0,Creamy and sweet with cream cheese frosting,Delicious organic snacks,3/11/2025 21:35,245,1,197,3/11/2025 21:35,Fun and educational home and lifestyle products for children of all ages.,1,0,Aquarium Supplies
172,1,LunaHealth,0,Specialty coffee roasted to perfection daily.,173,198,2/21/2024 8:24,0,Fresh and bright with arugula,Natural bath salts,2/21/2024 8:24,750,1,198,2/21/2024 8:24,Creative solutions for cutting-edge designs to enhance productivity.,1,0,Bird Supplies
173,1,OrionElectronics,0,Natural fruit juices with fresh and vibrant flavors.,532,199,6/5/2023 16:57,0,Nutty and crunchy with sunflower seeds,Premium workout gear,6/5/2023 16:57,81,1,199,6/5/2023 16:57,High-quality fashion and apparel for trendsetters.,1,0,Reptile Supplies
174,1,StellarSnacks,0,Freshly baked pastries and artisan bread.,334,200,8/12/2025 13:08,0,Sharp and aromatic with cumin,Designer sunglasses,8/12/2025 13:08,999,1,200,8/12/2025 13:08,Specialty innovative solutions for smarter living.,1,0,Small Animals
175,1,CosmoBeauty,0,Products to keep pets happy and healthy.,300,201,4/25/2024 19:16,0,Earthy and robust with black truffle,Healthy hydration products,4/25/2024 19:16,267,1,201,4/25/2024 19:16,Reliable tools and equipment for premium experiences.,1,0,Cat Supplies
176,1,QuantumSports,0,Smart technology for everyday life.,397,202,10/12/2023 7:33,0,Light and fruity with blackberry,Organic face masks,10/12/2023 7:33,499,1,202,10/12/2023 7:33,Fun and educational children of all ages for innovative solutions.,1,0,Dog Supplies
177,1,VertexToys,0,Nutritious and delicious food items.,386,203,5/28/2025 15:04,0,Spicy and warm with cardamom pods,Specialty tea blends,5/28/2025 15:04,753,1,203,5/28/2025 15:04,Creative solutions for home and lifestyle products designed for daily use.,1,0,Horse Supplies
178,1,NimbusTools,0,Fashionable and trendy clothing.,513,204,1/22/2024 20:55,0,Sweet and rich with toffee,Quality hiking clothes,1/22/2024 20:55,575,1,204,1/22/2024 20:55,Health and wellness products for corporate efficiency that promote wellness.,1,0,Organic Food
179,1,HelixHome,0,Refreshing beverages for all occasions.,77,205,7/4/2023 10:21,0,Bold and smoky with mesquite charcoal,Innovative smart devices,7/4/2023 10:21,38,1,205,7/4/2023 10:21,Leading provider of unique offerings for modern businesses.,1,0,Gourmet Food
180,1,PinnacleCoffee,0,Everyday essentials made with care.,763,206,9/18/2025 18:22,0,Tangy and fresh with lime juice,Comfortable sports bras,9/18/2025 18:22,173,1,206,9/18/2025 18:22,Advanced technology-driven services for digital marketing.,1,0,Beverages
181,1,SummitJuice,0,Creative solutions for digital media campaigns.,531,207,6/3/2024 6:40,0,Creamy and smooth with ricotta,Natural lip scrubs,6/3/2024 6:40,241,1,207,6/3/2024 6:40,Premium home and lifestyle products for innovative solutions.,1,0,Wine & Spirits
182,1,ZenithBakery,0,Fresh groceries delivered to your door.,587,208,2/12/2023 14:39,0,Fresh and crisp with iceberg lettuce,Gourmet cooking spices,2/12/2023 14:39,560,1,208,2/12/2023 14:39,Fun and educational children of all ages for balanced life.,1,0,Coffee & Tea
183,1,HorizonPets,0,High-quality fabrics for fashion and home.,270,209,12/14/2025 9:16,0,Nutty and smooth with cashew cream,Outdoor adventure equipment,12/14/2025 9:16,749,1,209,12/14/2025 9:16,Creative solutions for cutting-edge designs designed for daily use.,1,0,Snacks
184,1,AuroraTech,0,Health products promoting wellness.,410,210,9/27/2024 15:51,0,Sharp and pungent with radish sprouts,High-end fitness trackers,9/27/2024 15:51,336,1,210,9/27/2024 15:51,High-quality home and lifestyle products sourced from trusted suppliers.,1,0,Breakfast Foods
185,1,SierraFoods,0,Electronics for modern living.,391,211,5/26/2023 22:04,0,Earthy and sweet with roasted garlic,Handmade jewelry boxes,5/26/2023 22:04,729,1,211,5/26/2023 22:04,Specialty fashion and apparel for trendsetters.,1,0,Canned & Packaged Foods
186,1,TitanWear,0,Tasty snacks made from natural ingredients.,968,212,7/7/2025 11:48,0,Sweet and floral with rosewater,Sustainable fashion accessories,7/7/2025 11:48,286,1,212,7/7/2025 11:48,Reliable tools and equipment for smarter living.,1,0,Frozen Foods
187,1,AtlasDrinks,0,Beauty products for natural glow.,633,213,10/23/2024 16:37,0,Bright and citrusy with lemon peel,Delicious gluten-free treats,10/23/2024 16:37,277,1,213,10/23/2024 16:37,Fun and educational home and lifestyle products for children of all ages.,1,0,Condiments & Sauces
188,1,FusionGoods,0,Sports equipment and apparel for all levels.,67,214,1/14/2023 8:59,0,Smooth and rich with honey,Natural skin serums,1/14/2023 8:59,274,1,214,1/14/2023 8:59,Creative solutions for innovative solutions to enhance productivity.,1,0,Baking Supplies
189,1,PrimeMedia,0,Fun and educational toys for children.,750,215,2/10/2025 21:12,0,Fruity and tart with black cherry,Premium outdoor lighting,2/10/2025 21:12,757,1,215,2/10/2025 21:12,Health and wellness products for premium experiences that promote wellness.,1,0,Cooking Ingredients
190,1,NextFresh,0,Durable tools for home and DIY projects.,398,216,5/15/2024 13:27,0,Spicy and warm with clove buds,Designer handbags,5/15/2024 13:27,961,1,216,5/15/2024 13:27,Leading provider of corporate efficiency for modern businesses.,1,0,Dairy & Eggs
191,1,CoreCloth,0,Home essentials with quality and style.,937,217,9/3/2023 5:35,0,Light and floral with violet syrup,Healthy meal replacements,9/3/2023 5:35,772,1,217,9/3/2023 5:35,Specialty innovative solutions for home and lifestyle products.,1,0,Meat & Seafood
192,1,EpicHealth,0,Specialty coffee roasted to perfection.,807,218,11/18/2025 19:46,0,Sweet and creamy with vanilla ice cream,Organic baby care,11/18/2025 19:46,631,1,218,11/18/2025 19:46,High-quality fashion and apparel for balanced life.,1,0,Vegetables & Fruits
193,1,AlphaElectronics,0,Fresh natural fruit juices daily.,426,219,3/23/2024 7:12,0,Bold and smoky with smoked cheddar,Specialty coffee roasters,3/23/2024 7:12,847,1,219,3/23/2024 7:12,Fun and educational children of all ages for innovative solutions.,1,0,Baby Food
194,1,BetaSnacks,0,Artisan bakery products made fresh.,10,220,8/6/2023 17:41,0,Tangy and fresh with pomegranate seeds,Quality running gear,8/6/2023 17:41,721,1,220,8/6/2023 17:41,Creative solutions for digital marketing sourced from trusted suppliers.,1,0,Diapers & Wipes
195,1,GammaBeauty,0,Pet care products for happy animals.,23,221,6/16/2025 8:55,0,Creamy and soft with mascarpone cream,Innovative wireless chargers,6/16/2025 8:55,684,1,221,6/16/2025 8:55,Premium home and lifestyle products designed for daily use.,1,0,Feeding Supplies
196,1,DeltaSports,0,Smart technology solutions for modern life.,611,222,12/1/2024 21:43,0,Fresh and crisp with cucumber ribbons,Comfortable yoga pants,12/1/2024 21:43,737,1,222,12/1/2024 21:43,Advanced technology-driven services for cutting-edge designs.,1,0,Nursery Furniture
197,1,EpsilonToys,0,Delicious and nutritious food products.,377,223,4/12/2023 11:29,0,Nutty and rich with pecan nuts,Natural hair oils,4/12/2023 11:29,962,1,223,4/12/2023 11:29,Reliable tools and equipment for unique offerings.,1,0,Safety Products
198,1,ZetaTools,0,Fashionable clothing for modern lifestyles.,636,224,1/14/2025 6:16,0,Sharp and pungent with chili flakes,Gourmet cheese boards,1/14/2025 6:16,864,1,224,1/14/2025 6:16,Fun and educational home and lifestyle products for children of all ages.,1,0,Toys & Books for Babies
199,1,EtaHome,0,Refreshing beverages made naturally.,929,225,7/23/2024 14:39,0,Earthy and deep with black pepper,Outdoor travel gear,7/23/2024 14:39,222,1,225,7/23/2024 14:39,Creative solutions for corporate efficiency to enhance productivity.,1,0,Maternity Wear
200,1,ThetaCoffee,0,Everyday essentials for modern homes.,149,226,11/10/2023 20:05,0,Sweet and juicy with plum,High-end audio headphones,11/10/2023 20:05,515,1,226,11/10/2023 20:05,Health and wellness products for smarter living.,1,0,Parenting Essentials
201,1,IotaJuice,0,Creative digital media solutions.,625,227,3/26/2025 9:34,0,Spicy and bold with cayenne pepper,Handmade home decor,3/26/2025 9:34,661,1,227,3/26/2025 9:34,Leading provider of premium experiences for trendsetters.,1,0,Elder Care
202,1,KappaBakery,0,Fresh groceries sourced from trusted farms.,757,228,2/6/2024 17:48,0,Light and citrusy with orange zest,Sustainable gardening tools,2/6/2024 17:48,897,1,228,2/6/2024 17:48,Specialty innovative solutions for modern businesses.,1,0,Mobility Aids
203,1,LambdaPets,0,High-quality fabrics for fashion and interiors.,180,229,6/24/2023 13:50,0,Buttery and smooth with croissant layers,Delicious organic teas,6/24/2023 13:50,590,1,229,6/24/2023 13:50,High-quality home and lifestyle products crafted with care.,1,0,Medical Devices
204,1,MuTech,0,Wellness products for a healthier lifestyle.,978,230,8/18/2025 5:27,0,Juicy and tropical with pineapple chunks,Natural bath bombs,8/18/2025 5:27,917,1,230,8/18/2025 5:27,Fun and educational children of all ages for home and lifestyle products.,1,0,Incontinence Supplies
205,1,NuFoods,0,Electronics for modern living.,236,231,4/9/2024 12:41,0,Smoky and intense with smoked trout,Premium workout gear,4/9/2024 12:41,177,1,231,4/9/2024 12:41,Creative solutions for fashion and apparel designed for daily use.,1,0,Nutrition & Diet
206,1,XiWear,0,Delicious snacks for all ages.,770,232,10/6/2023 19:07,0,Floral and delicate with elderflower petals,Designer men's shoes,10/6/2023 19:07,783,1,232,10/6/2023 19:07,Premium home and lifestyle products for innovative solutions.,1,0,Alternative Medicine
207,1,OmicronDrinks,0,Beauty products for everyone.,166,233,5/10/2025 14:18,0,Tangy and spicy with ginger root,Healthy snack mixes,5/10/2025 14:18,172,1,233,5/10/2025 14:18,Advanced technology-driven services for digital marketing.,1,0,Mental Wellness
208,1,PiGoods,0,Sports gear for professionals and amateurs.,895,234,1/10/2024 20:52,0,Creamy and sweet with custard,Organic skincare kits,1/10/2024 20:52,427,1,234,1/10/2024 20:52,Reliable tools and equipment for unique offerings.,1,0,Home Decor
209,1,RhoMedia,0,Safe and fun toys for children.,449,235,7/22/2023 8:33,0,Fresh and bright with kale,Specialty baking tools,7/22/2023 8:33,739,1,235,7/22/2023 8:33,Fun and educational home and lifestyle products for children of all ages.,1,0,Wall Art
210,1,SigmaFresh,0,Reliable tools for home and workshop.,649,236,9/21/2025 11:41,0,Nutty and crunchy with toasted walnuts,Quality yoga blocks,9/21/2025 11:41,533,1,236,9/21/2025 11:41,Creative solutions for cutting-edge designs to enhance productivity.,1,0,Rugs & Carpets
211,1,TauCloth,0,Home essentials designed for convenience.,25,237,6/19/2024 15:24,0,Sharp and aromatic with black cardamom,Innovative smart lighting,6/19/2024 15:24,130,1,237,6/19/2024 15:24,Health and wellness products for premium experiences that promote wellness.,1,0,Curtains & Blinds
212,1,UpsilonHealth,0,Specialty coffee roasted to perfection.,519,238,2/27/2023 22:10,0,Earthy and robust with porcini powder,Comfortable winter jackets,2/27/2023 22:10,679,1,238,2/27/2023 22:10,Leading provider of innovative solutions for trendsetters.,1,0,Bedding & Linens
213,1,PhiElectronics,0,Natural fruit juices with vitamins.,114,239,12/9/2025 6:36,0,Light and fruity with passion fruit pulp,Natural beard oils,12/9/2025 6:36,205,1,239,12/9/2025 6:36,Specialty fashion and apparel for smarter living.,1,0,Lighting
214,1,ChiSnacks,0,Artisan bread and pastries baked daily.,123,240,9/10/2024 9:54,0,Spicy and warm with mace,Gourmet dessert toppings,9/10/2024 9:54,644,1,240,9/10/2024 9:54,High-quality corporate efficiency sourced from trusted suppliers.,1,0,Clocks
215,1,PsiBeauty,0,Pet products to keep pets healthy and happy.,727,241,5/22/2023 16:43,0,Sweet and rich with butterscotch syrup,Outdoor fishing accessories,5/22/2023 16:43,289,1,241,5/22/2023 16:43,Fun and educational children of all ages for home and lifestyle products.,1,0,Mirrors
216,1,OmegaSports,0,Smart technology for everyday life.,904,242,7/25/2025 20:13,0,Bold and smoky with hickory chips,High-quality hiking gear,7/25/2025 20:13,821,1,242,7/25/2025 20:13,Creative solutions for home and lifestyle products designed for daily use.,1,0,Candles & Fragrances
217,1,ApexToys,0,Delicious and nutritious food products.,134,243,10/2/2024 12:38,0,Tangy and fresh with lemon zest,Handcrafted pottery bowls,10/2/2024 12:38,87,1,243,10/2/2024 12:38,Premium home and lifestyle products for balanced life.,1,0,Seasonal Decor
218,1,NovaTools,0,Trendy clothing for all occasions.,888,244,1/5/2023 5:47,0,Creamy and smooth with cream cheese filling,Sustainable travel accessories,1/5/2023 5:47,460,1,244,1/5/2023 5:47,Advanced technology-driven services for innovative solutions.,1,0,Furniture
219,1,VegaHome,0,Refreshing beverages made naturally.,418,245,2/15/2025 14:55,0,Fresh and crisp with romaine hearts,Delicious vegan snacks,2/15/2025 14:55,416,1,245,2/15/2025 14:55,Reliable tools and equipment for corporate efficiency.,1,0,Living Room Furniture
220,1,LunaCoffee,0,Everyday essentials for modern homes.,733,246,5/28/2024 19:08,0,Nutty and smooth with almond paste,Natural body scrubs,5/28/2024 19:08,414,1,246,5/28/2024 19:08,Fun and educational home and lifestyle products for children of all ages.,1,0,Bedroom Furniture
221,1,OrionJuice,0,Creative solutions for digital media campaigns.,276,247,9/10/2023 7:29,0,Sharp and pungent with jalapeño,Premium ski apparel,9/10/2023 7:29,80,1,247,9/10/2023 7:29,Creative solutions for digital marketing to enhance productivity.,1,0,Office Furniture
222,1,StellarBakery,0,Fresh groceries sourced from trusted suppliers.,288,248,11/23/2025 17:44,0,Earthy and sweet with roasted pumpkin,Designer leather shoes,11/23/2025 17:44,82,1,248,11/23/2025 17:44,Health and wellness products for cutting-edge designs that promote wellness.,1,0,Dining Room Furniture
223,1,CosmoPets,0,High-quality fabrics for fashion and interiors.,902,249,3/3/2024 10:02,0,Sweet and floral with honeysuckle,Healthy energy bars,3/3/2024 10:02,933,1,249,3/3/2024 10:02,Leading provider of unique offerings for modern businesses.,1,0,Outdoor Furniture
224,1,QuantumTech,0,Health products for a balanced lifestyle.,492,250,8/19/2023 14:23,0,Bright and citrusy with lime zest,Organic baby toys,8/19/2023 14:23,444,1,250,8/19/2023 14:23,Specialty innovative solutions designed for daily use.,1,0,Storage & Organization
225,1,VertexFoods,0,Electronics that make life easier.,969,251,6/13/2025 21:11,0,Smooth and rich with vanilla glaze,Specialty espresso machines,6/13/2025 21:11,896,1,251,6/13/2025 21:11,High-quality fashion and apparel for trendsetters.,1,0,Cleaning Tools
226,1,NimbusWear,0,Delicious snacks made with care.,740,252,12/12/2024 6:47,0,Fruity and tart with cranberry juice,Quality running gear,12/12/2024 6:47,780,1,252,12/12/2024 6:47,Fun and educational children of all ages for innovative solutions.,1,0,Vacuum Cleaners
227,1,HelixDrinks,0,Beauty products for natural enhancement.,228,253,4/25/2023 19:34,0,Spicy and warm with nutmeg powder,Innovative smartphone accessories,4/25/2023 19:34,815,1,253,4/25/2023 19:34,Creative solutions for premium experiences to enhance productivity.,1,0,Laundry Supplies
228,1,PinnacleGoods,0,Sports gear for professionals and enthusiasts.,145,254,1/4/2025 8:09,0,Light and floral with rose hip,Comfortable athletic wear,1/4/2025 8:09,98,1,254,1/4/2025 8:09,Premium home and lifestyle products for smarter living.,1,0,Pest Control
229,1,SummitMedia,0,Safe and fun toys for kids.,518,255,7/9/2024 16:33,0,Sweet and creamy with clotted cream,Natural lip balms,7/9/2024 16:33,174,1,255,7/9/2024 16:33,Advanced technology-driven services for corporate efficiency.,1,0,Home Security
230,1,ZenithFresh,0,Reliable tools for home and DIY.,186,256,11/16/2023 13:54,0,Bold and smoky with smoked sausage,Gourmet spice racks,11/16/2023 13:54,890,1,256,11/16/2023 13:54,Reliable tools and equipment for unique offerings.,1,0,Fire Safety
231,1,HorizonCloth,0,Smart technology solutions for modern life.,709,257,3/20/2025 22:42,0,Tangy and fresh with lime wedges,Outdoor camping gear,3/20/2025 22:42,735,1,257,3/20/2025 22:42,Fun and educational home and lifestyle products for children of all ages.,1,0,Heating & Cooling
232,1,AuroraHealth,0,Delicious and nutritious food products.,261,258,2/23/2024 9:10,0,Creamy and soft with cream cheese frosting,High-end fitness apparel,2/23/2024 9:10,727,1,258,2/23/2024 9:10,Creative solutions for cutting-edge designs designed for daily use.,1,0,Air Quality
233,1,SierraElectronics,0,Fashionable clothing for trendsetters.,916,259,6/9/2023 17:19,0,Fresh and crisp with iceberg wedges,Handmade jewelry pieces,6/9/2023 17:19,502,1,259,6/9/2023 17:19,Health and wellness products for innovative solutions that promote wellness.,1,0,Water Filtration
234,1,TitanSnacks,0,Refreshing beverages crafted from natural ingredients.,752,260,8/21/2025 12:47,0,Nutty and rich with pine nuts,Sustainable fashion lines,8/21/2025 12:47,710,1,260,8/21/2025 12:47,Leading provider of corporate efficiency for trendsetters.,1,0,Kitchen Appliances
235,1,AtlasBeauty,0,Everyday essentials made with durability and style.,119,261,4/26/2024 20:03,0,Sharp and pungent with green chili,Delicious gluten-free meals,4/26/2024 20:03,482,1,261,4/26/2024 20:03,Specialty fashion and apparel sourced from trusted suppliers.,1,0,Cooking Appliances
236,1,FusionSports,0,Digital media campaigns that engage and inspire.,953,262,10/1/2023 5:37,0,Earthy and deep with roasted coffee,Natural skin toners,10/1/2023 5:37,617,1,262,10/1/2023 5:37,High-quality home and lifestyle products crafted with care.,1,0,Small Kitchen Appliances
237,1,PrimeToys,0,Fresh produce sourced from trusted farms.,327,263,5/15/2025 14:29,0,Sweet and juicy with watermelon slices,Premium outdoor lighting,5/15/2025 14:29,536,1,263,5/15/2025 14:29,Fun and educational children of all ages for home and lifestyle products.,1,0,Cookware
238,1,NextTools,0,Comfortable and high-quality fabrics for all occasions.,66,264,1/18/2024 21:15,0,Spicy and bold with black chili,Designer fashion scarves,1/18/2024 21:15,47,1,264,1/18/2024 21:15,Creative solutions for digital marketing designed for daily use.,1,0,Bakeware
239,1,CoreHome,0,Wellness products promoting health and vitality.,889,265,7/9/2023 6:23,0,Light and citrusy with mandarin orange,Healthy protein bars,7/9/2023 6:23,551,1,265,7/9/2023 6:23,Premium home and lifestyle products for innovative solutions.,1,0,Dinnerware
240,1,EpicCoffee,0,High-performance electronics for home and office.,34,266,9/22/2025 13:38,0,Buttery and smooth with pastry dough,Organic hair care kits,9/22/2025 13:38,756,1,266,9/22/2025 13:38,Advanced technology-driven services for smarter living.,1,0,Glassware
241,1,AlphaJuice,0,Tasty and healthy snack options for families.,259,267,6/7/2024 19:59,0,Juicy and tropical with passion fruit pulp,Specialty cocktail glasses,6/7/2024 19:59,752,1,267,6/7/2024 19:59,Reliable tools and equipment for premium experiences.,1,0,Cutlery
242,1,BetaBakery,0,Beauty products designed to enhance natural glow.,936,268,2/19/2023 10:06,0,Smoky and intense with smoked brisket,Quality outdoor shoes,2/19/2023 10:06,363,1,268,2/19/2023 10:06,Fun and educational home and lifestyle products for children of all ages.,1,0,Kitchen Tools
243,1,GammaPets,0,Sports equipment and apparel for professionals.,728,269,12/22/2025 15:53,0,Floral and delicate with jasmine aroma,Innovative fitness trackers,12/22/2025 15:53,543,1,269,12/22/2025 15:53,Creative solutions for corporate efficiency to enhance productivity.,1,0,Food Storage
244,1,DeltaTech,0,Fun and safe toys for children of all ages.,157,270,9/19/2024 8:17,0,Tangy and spicy with black pepper,Comfortable sleepwear sets,9/19/2024 8:17,434,1,270,9/19/2024 8:17,Health and wellness products for balanced life.,1,0,Table Linens
245,1,EpsilonFoods,0,Durable and reliable tools for DIY enthusiasts.,683,271,5/13/2023 21:36,0,Creamy and sweet with vanilla pudding,Natural facial moisturizers,5/13/2023 21:36,655,1,271,5/13/2023 21:36,Leading provider of unique offerings for modern businesses.,1,0,Barware
246,1,ZetaWear,0,Innovative smart home solutions for modern living.,668,272,7/9/2025 11:25,0,Fresh and bright with baby lettuce,Gourmet baking tools,7/9/2025 11:25,199,1,272,7/9/2025 11:25,Specialty innovative solutions for trendsetters.,1,0,Coffee & Tea Accessories
247,1,EtaDrinks,0,Specialty coffee beans roasted to perfection.,788,273,10/29/2024 6:41,0,Nutty and crunchy with pecan pieces,Outdoor picnic gear,10/29/2024 6:41,557,1,273,10/29/2024 6:41,High-quality fashion and apparel sourced from trusted suppliers.,1,0,Cleaning Supplies
248,1,ThetaGoods,0,Freshly squeezed juices with natural flavors.,970,274,1/18/2023 13:08,0,Sharp and aromatic with anise seed,High-quality sports equipment,1/18/2023 13:08,483,1,274,1/18/2023 13:08,Fun and educational children of all ages for innovative solutions.,1,0,Bathroom Accessories
249,1,IotaMedia,0,Artisan bakery products made daily with care.,87,275,2/5/2025 20:49,0,Earthy and robust with dried mushrooms,Handcrafted wooden furniture,2/5/2025 20:49,298,1,275,2/5/2025 20:49,Creative solutions for home and lifestyle products designed for daily use.,1,0,Personal Care Appliances
250,1,KappaFresh,0,Quality pet products for happy and healthy animals.,572,276,5/12/2024 14:33,0,Light and fruity with guava nectar,Sustainable home decor,5/12/2024 14:33,878,1,276,5/12/2024 14:33,Premium home and lifestyle products for corporate efficiency.,1,0,Towels & Bath Rugs
251,1,LambdaCloth,0,Contemporary fashion brands for modern lifestyles.,198,277,9/5/2023 8:24,0,Spicy and warm with cinnamon powder,Delicious organic snacks,9/5/2023 8:24,90,1,277,9/5/2023 8:24,Advanced technology-driven services for cutting-edge designs.,1,0,Pool & Spa
252,1,MuHealth,0,Wide selection of books and educational materials.,216,278,11/29/2025 18:07,0,Sweet and rich with caramel sauce,Natural bath salts,11/29/2025 18:07,922,1,278,11/29/2025 18:07,Reliable tools and equipment for smarter living.,1,0,Hot Tubs
253,1,NuElectronics,0,Sustainable energy solutions for homes and businesses.,998,279,3/14/2024 10:39,0,Bold and smoky with mesquite flavor,Premium workout supplements,3/14/2024 10:39,564,1,279,3/14/2024 10:39,Fun and educational home and lifestyle products for children of all ages.,1,0,Saunas
254,1,XiSnacks,0,Comprehensive corporate efficiency solutions.,852,280,8/24/2023 15:57,0,Tangy and fresh with lime juice,Designer sunglasses cases,8/24/2023 15:57,123,1,280,8/24/2023 15:57,Leading provider of innovative solutions for modern businesses.,1,0,Fitness & Exercise
255,1,OmicronBeauty,0,Delicious food products for everyday kitchens.,493,281,6/8/2025 6:31,0,Creamy and smooth with yogurt cream,Healthy hydration drinks,6/8/2025 6:31,292,1,281,6/8/2025 6:31,Premium home and lifestyle products sourced from trusted suppliers.,1,0,Outdoor Recreation
256,1,PiSports,0,Modern clothing line with cutting-edge designs.,921,282,12/22/2024 21:12,0,Fresh and crisp with romaine lettuce,Organic face creams,12/22/2024 21:12,408,1,282,12/22/2024 21:12,Creative solutions for digital marketing to enhance productivity.,1,0,Gardening
257,1,RhoToys,0,Refreshing beverages for all tastes.,422,283,4/6/2023 7:49,0,Nutty and smooth with peanut cream,Specialty tea infusers,4/6/2023 7:49,572,1,283,4/6/2023 7:49,Fresh and organic produce crafted with care.,1,0,Landscaping
258,1,SigmaTools,0,Household essentials crafted with quality in mind.,49,284,1/29/2025 19:03,0,Sharp and pungent with mustard,Quality hiking shoes,1/29/2025 19:03,40,1,284,1/29/2025 19:03,Cutting-edge technology for smarter living designed for daily use.,1,0,Plant Care
259,1,TauHome,0,Creative media production and marketing campaigns.,778,285,7/21/2024 10:18,0,Earthy and sweet with baked sweet potato,Innovative smart appliances,7/21/2024 10:18,261,1,285,7/21/2024 10:18,Health and wellness products for balanced life that promote wellness.,1,0,Seeds & Bulbs
260,1,UpsilonCoffee,0,Fresh groceries sourced from trusted suppliers.,125,286,11/5/2023 15:43,0,Sweet and floral with rose essence,Comfortable sports clothing,11/5/2023 15:43,836,1,286,11/5/2023 15:43,Reliable tools and equipment for professionals and DIYers.,1,0,Fertilizers & Soil
261,1,PhiJuice,0,High-quality fabrics for fashion and interior design.,767,287,3/17/2025 7:58,0,Bright and citrusy with lemon peel,Natural lipsticks,3/17/2025 7:58,46,1,287,3/17/2025 7:58,Fun and educational offerings for children of all ages to inspire creativity.,1,0,Pest Control
262,1,ChiBakery,0,Innovative health and wellness solutions.,214,288,2/14/2024 12:30,0,Smooth and rich with honey glaze,Gourmet cooking oils,2/14/2024 12:30,106,1,288,2/14/2024 12:30,Eco-friendly solutions for sustainable living to reduce environmental impact.,1,0,Garden Tools
263,1,PsiPets,0,Electronics combining style and performance.,224,289,6/17/2023 21:11,0,Fruity and tart with cherry juice,Outdoor adventure gear,6/17/2023 21:11,122,1,289,6/17/2023 21:11,Innovative unique offerings for trendsetters.,1,0,Patio Furniture
264,1,OmegaTech,0,Delicious and nutritious snacks for all ages.,960,290,8/2/2025 8:44,0,Spicy and warm with allspice powder,High-end sound equipment,8/2/2025 8:44,175,1,290,8/2/2025 8:44,Comprehensive corporate efficiency for modern businesses.,1,0,Outdoor Cooking
265,1,ApexFoods,0,Beauty products that inspire confidence.,207,291,4/11/2024 17:06,0,Light and floral with lavender essence,Handmade ceramic mugs,4/11/2024 17:06,32,1,291,4/11/2024 17:06,High-quality premium experiences sourced from trusted suppliers.,1,0,Grills & Smokers
266,1,NovaWear,0,High-quality sports gear for champions.,466,292,10/20/2023 11:35,0,Sweet and creamy with panna cotta,Sustainable fashion brands,10/20/2023 11:35,765,1,292,10/20/2023 11:35,Specialty cutting-edge designs crafted with care.,1,0,Fire Pits
267,1,VegaDrinks,0,Fun and safe toys for children everywhere.,622,293,5/22/2025 20:23,0,Bold and smoky with smoked paprika,Delicious vegan meals,5/22/2025 20:23,652,1,293,5/22/2025 20:23,Advanced technology-driven services designed for daily use.,1,0,Playground Equipment
268,1,LunaGoods,0,Precision tools for professionals and hobbyists.,21,294,1/8/2024 7:19,0,Tangy and fresh with lime zest,Natural body lotions,1/8/2024 7:19,741,1,294,1/8/2024 7:19,Creative solutions for fashion and apparel for trendsetters.,1,0,Swing Sets
269,1,OrionMedia,0,Home products that combine design and functionality.,26,295,7/12/2023 13:44,0,Creamy and soft with mascarpone cheese,Premium ski gear,7/12/2023 13:44,650,1,295,7/12/2023 13:44,Leading provider of digital marketing for modern businesses.,1,0,Trampolines
270,1,StellarFresh,0,Specialty coffee for true connoisseurs.,264,296,9/30/2025 15:04,0,Fresh and crisp with green apple slices,Designer leather bags,9/30/2025 15:04,59,1,296,9/30/2025 15:04,Premium home and lifestyle products designed for daily use.,1,0,Water Features
271,1,CosmoCloth,0,Natural fruit juices packed with vitamins.,575,297,6/25/2024 8:12,0,Nutty and rich with almond paste,Healthy snack packs,6/25/2024 8:12,589,1,297,6/25/2024 8:12,Fun and educational unique offerings for children of all ages.,1,0,Bird Feeders
272,1,QuantumHealth,0,Freshly baked bread and pastries daily.,550,298,2/4/2023 22:50,0,Sharp and pungent with horseradish sauce,Organic baby products,2/4/2023 22:50,301,1,298,2/4/2023 22:50,Health and wellness products for innovative solutions that promote wellness.,1,0,Pet Furniture
273,1,VertexElectronics,0,Pet care products for happy and healthy pets.,527,299,12/1/2025 10:38,0,Earthy and deep with roasted beets,Specialty coffee blends,12/1/2025 10:38,526,1,299,12/1/2025 10:38,Cutting-edge technology for corporate efficiency to enhance productivity.,1,0,Pet Training
274,1,NimbusSnacks,0,Innovative technology solutions for modern living.,608,300,9/22/2024 17:49,0,Sweet and juicy with ripe mango,Quality running accessories,9/22/2024 17:49,758,1,300,9/22/2024 17:49,Reliable tools and equipment for professionals and DIYers crafted with care.,1,0,Pet Grooming
275,1,HelixBeauty,0,High-quality food products for every kitchen.,498,301,5/28/2023 11:44,0,Spicy and bold with chili powder,Innovative wireless headphones,5/28/2023 11:44,6,1,301,5/28/2023 11:44,Eco-friendly solutions for sustainable living designed for daily use.,1,0,Pet Health Care
276,1,PinnacleSports,0,Fashion-forward clothing for trendsetters.,71,302,7/2/2025 20:01,0,Light and citrusy with orange zest,Comfortable yoga tops,7/2/2025 20:01,355,1,302,7/2/2025 20:01,Comprehensive home and lifestyle products for modern businesses.,1,0,Pet Travel
277,1,SummitToys,0,Refreshing drinks made with natural ingredients.,617,303,10/16/2024 14:28,0,Buttery and smooth with shortbread crust,Natural hair conditioners,10/16/2024 14:28,247,1,303,10/16/2024 14:28,Innovative fashion and apparel for balanced life.,1,0,Pet Clothing
278,1,ZenithTools,0,Everyday essentials designed for quality and convenience.,988,304,1/9/2023 6:20,0,Juicy and tropical with papaya puree,Gourmet cheese assortments,1/9/2023 6:20,686,1,304,1/9/2023 6:20,Specialty innovative solutions for trendsetters.,1,0,Pet Accessories
279,1,HorizonHome,0,Digital media solutions that engage audiences.,60,305,2/22/2025 19:17,0,Smoky and intense with smoked ham,Outdoor travel backpacks,2/22/2025 19:17,311,1,305,2/22/2025 19:17,High-quality digital marketing sourced from trusted suppliers.,1,0,Specialty Pets
280,1,AuroraCoffee,0,Fresh and organic produce delivered daily.,808,306,5/19/2024 12:36,0,Floral and delicate with rose petals,High-end audio systems,5/19/2024 12:36,790,1,306,5/19/2024 12:36,Leading provider of cutting-edge designs for modern businesses.,1,0,Aquatic Pets
281,1,SierraJuice,0,Comfortable and stylish clothing options.,356,307,9/11/2023 8:23,0,Tangy and spicy with chipotle peppers,Handmade home accessories,9/11/2023 8:23,639,1,307,9/11/2023 8:23,Premium unique offerings designed for daily use.,1,0,Birds
282,1,TitanBakery,0,Health supplements for a better lifestyle.,984,308,11/1/2025 21:15,0,Creamy and sweet with vanilla custard,Sustainable gardening supplies,11/1/2025 21:15,453,1,308,11/1/2025 21:15,Fun and educational fashion and apparel for children of all ages.,1,0,Reptiles & Amphibians
283,1,AtlasPets,0,Electronics designed for modern needs.,860,309,3/27/2024 15:50,0,Fresh and bright with baby spinach,Delicious organic beverages,3/27/2024 15:50,75,1,309,3/27/2024 15:50,Creative solutions for home and lifestyle products to enhance productivity.,1,0,Small Mammals
284,1,FusionTech,0,Delicious snacks made with care and quality.,221,310,8/4/2023 7:38,0,Nutty and crunchy with toasted almonds,Natural bath oils,8/4/2023 7:38,939,1,310,8/4/2023 7:38,Advanced technology-driven services for smarter living.,1,0,Farm Animals
285,1,PrimeFoods,0,Beauty products that enhance natural beauty.,917,311,6/25/2025 13:29,0,Sharp and aromatic with cumin seeds,Premium workout clothing,6/25/2025 13:29,900,1,311,6/25/2025 13:29,Reliable tools and equipment for corporate efficiency.,1,0,Exotic Pets
286,1,NextWear,0,Sports gear and equipment for enthusiasts.,913,312,12/20/2024 9:05,0,Earthy and robust with black truffle,Designer men's accessories,12/20/2024 9:05,662,1,312,12/20/2024 9:05,Health and wellness products for premium experiences that promote wellness.,1,0,Farm & Ranch Supplies
287,1,CoreDrinks,0,Fun and educational toys for children.,452,313,4/18/2023 20:13,0,Light and fruity with pomegranate seeds,Healthy snack options,4/18/2023 20:13,450,1,313,4/18/2023 20:13,Cutting-edge technology for innovative solutions designed for daily use.,1,0,Animal Feed
288,1,EpicGoods,0,Reliable tools for home and professional use.,927,314,1/7/2025 6:42,0,Spicy and warm with cardamom pods,Organic skincare products,1/7/2025 6:42,547,1,314,1/7/2025 6:42,Fun and educational digital marketing for children of all ages.,1,0,Livestock Equipment
289,1,AlphaMedia,0,Home essentials designed with convenience.,354,315,7/7/2024 16:31,0,Sweet and rich with toffee sauce,Specialty baking sets,7/7/2024 16:31,601,1,315,7/7/2024 16:31,Specialty innovative solutions sourced from trusted suppliers.,1,0,Fencing
290,1,BetaFresh,0,Specialty coffee roasted to perfection daily.,359,316,11/18/2023 11:15,0,Bold and smoky with mesquite charcoal,Quality yoga gear,11/18/2023 11:15,855,1,316,11/18/2023 11:15,Innovative unique offerings to enhance productivity.,1,0,Barn Supplies
291,1,GammaCloth,0,Natural fruit juices with fresh and vibrant flavors.,255,317,3/22/2025 18:05,0,Tangy and fresh with lemon juice,Innovative smart gadgets,3/22/2025 18:05,392,1,317,3/22/2025 18:05,High-quality home and lifestyle products crafted with care.,1,0,Horse Tack
292,1,DeltaHealth,0,Freshly baked pastries and artisan bread.,234,318,2/7/2024 20:14,0,Creamy and smooth with ricotta cheese,Comfortable winter wear,2/7/2024 20:14,203,1,318,2/7/2024 20:14,Creative solutions for balanced life for trendsetters.,1,0,Equestrian Gear
293,1,EpsilonElectronics,0,Products to keep pets happy and healthy.,598,319,6/13/2023 6:36,0,Fresh and crisp with iceberg lettuce,Natural beard balms,6/13/2023 6:36,516,1,319,6/13/2023 6:36,Leading provider of fashion and apparel for modern businesses.,1,0,Crop Production
294,1,ZetaSnacks,0,Smart technology for everyday life.,829,320,8/25/2025 13:40,0,Nutty and smooth with cashew butter,Gourmet dessert sauces,8/25/2025 13:40,457,1,320,8/25/2025 13:40,Advanced technology-driven services designed for daily use.,1,0,Irrigation
295,1,EtaBeauty,0,Nutritious and delicious food items.,745,321,4/8/2024 8:59,0,Sharp and pungent with radish sprouts,Outdoor fishing gear,4/8/2024 8:59,264,1,321,4/8/2024 8:59,Eco-friendly solutions for cutting-edge designs to reduce environmental impact.,1,0,Soil Management
296,1,ThetaSports,0,Fashionable and trendy clothing.,411,322,10/14/2023 16:08,0,Earthy and sweet with roasted garlic,High-quality hiking boots,10/14/2023 16:08,224,1,322,10/14/2023 16:08,Premium corporate efficiency crafted with care.,1,0,Pest & Weed Control
297,1,IotaToys,0,Refreshing beverages for all occasions.,508,323,5/31/2025 11:50,0,Sweet and floral with rose water,Handcrafted pottery items,5/31/2025 11:50,314,1,323,5/31/2025 11:50,Reliable tools and equipment for innovative solutions.,1,0,Farm Tools
298,1,KappaTools,0,Everyday essentials made with care.,273,324,1/20/2024 19:45,0,Bright and citrusy with lemon peel,Sustainable travel kits,1/20/2024 19:45,171,1,324,1/20/2024 19:45,Fun and educational home and lifestyle products for children of all ages.,1,0,Greenhouse Supplies
299,1,LambdaHome,0,Creative solutions for digital media campaigns.,601,325,7/23/2023 9:16,0,Smooth and rich with honey,Delicious vegan desserts,7/23/2023 9:16,923,1,325,7/23/2023 9:16,Creative solutions for digital marketing sourced from trusted suppliers.,1,0,Hydroponics
300,1,MuCoffee,0,Fresh groceries delivered to your door.,116,326,9/10/2025 22:53,0,Fruity and tart with black cherry,Natural body scrubs,9/10/2025 22:53,785,1,326,9/10/2025 22:53,Health and wellness products for unique offerings that promote wellness.,1,0,Organic Farming
301,1,NuJuice,0,High-quality fabrics for fashion and home.,247,327,6/11/2024 14:03,0,Spicy and warm with clove buds,Premium ski equipment,6/11/2024 14:03,108,1,327,6/11/2024 14:03,High-quality innovative solutions for smarter living.,1,0,Farm Vehicles
302,1,XiBakery,0,Health products promoting wellness.,468,328,2/26/2023 5:40,0,Light and floral with violet syrup,Designer leather goods,2/26/2023 5:40,368,1,328,2/26/2023 5:40,Specialty corporate efficiency designed for daily use.,1,0,Agricultural Chemicals
303,1,OmicronPets,0,Electronics for modern living.,553,329,12/27/2025 15:33,0,Sweet and creamy with vanilla ice cream,Healthy energy snacks,12/27/2025 15:33,322,1,329,12/27/2025 15:33,Leading provider of fashion and apparel sourced from trusted suppliers.,1,0,Farming Safety
304,1,PiTech,0,Tasty snacks made from natural ingredients.,70,330,9/4/2024 10:52,0,Bold and smoky with smoked cheddar,Organic baby apparel,9/4/2024 10:52,504,1,330,9/4/2024 10:52,Creative solutions for technology-driven services for trendsetters.,1,0,Veterinary Supplies
305,1,RhoFoods,0,Beauty products for natural glow.,445,331,5/15/2023 21:08,0,Tangy and fresh with pomegranate seeds,Specialty espresso machines,5/15/2023 21:08,958,1,331,5/15/2023 21:08,Fresh and organic produce for modern businesses.,1,0,Agricultural Technology
306,1,SigmaWear,0,Sports equipment and apparel for all levels.,1,332,7/14/2025 6:23,0,Creamy and soft with mascarpone cream,Quality running shoes,7/14/2025 6:23,371,1,332,7/14/2025 6:23,Advanced technology-driven services for innovative solutions.,1,0,Smart Farming
307,1,TauDrinks,0,Fun and educational toys for children.,78,333,10/8/2024 20:27,0,Fresh and crisp with cucumber ribbons,Innovative smartphone cases,10/8/2024 20:27,440,1,333,10/8/2024 20:27,Comprehensive home and lifestyle products to enhance productivity.,1,0,Farm Management Software
308,1,UpsilonGoods,0,Durable tools for home and DIY projects.,670,334,1/24/2023 13:49,0,Nutty and rich with pecan nuts,Comfortable athletic socks,1/24/2023 13:49,329,1,334,1/24/2023 13:49,Fun and educational unique offerings for children of all ages.,1,0,Agricultural Drones
309,1,PhiMedia,0,Home essentials with quality and style.,83,335,2/13/2025 8:18,0,Sharp and pungent with chili flakes,Natural lip care products,2/13/2025 8:18,851,1,335,2/13/2025 8:18,Eco-friendly solutions for fashion and apparel to reduce environmental impact.,1,0,Agricultural Robotics
310,1,ChiFresh,0,Specialty coffee roasted to perfection.,771,336,5/9/2024 15:41,0,Earthy and deep with black pepper,Gourmet spice collections,5/9/2024 15:41,398,1,336,5/9/2024 15:41,High-quality corporate efficiency crafted with care.,1,0,Sustainable Agriculture
311,1,PsiCloth,0,Fresh natural fruit juices daily.,719,337,9/25/2023 17:30,0,Sweet and juicy with plum,Outdoor camping supplies,9/25/2023 17:30,703,1,337,9/25/2023 17:30,Reliable tools and equipment for smarter living.,1,0,Renewable Energy
312,1,OmegaHealth,0,Artisan bakery products made fresh.,7,338,11/12/2025 22:15,0,Spicy and bold with cayenne pepper,High-end fitness machines,11/12/2025 22:15,517,1,338,11/12/2025 22:15,Specialty cutting-edge designs for trendsetters.,1,0,Solar Power
313,1,ApexElectronics,0,Pet care products for happy animals.,824,339,3/8/2024 7:02,0,Light and citrusy with orange zest,Handmade jewelry collections,3/8/2024 7:02,465,1,339,3/8/2024 7:02,Health and wellness products for digital marketing that promote wellness.,1,0,Wind Power
314,1,NovaSnacks,0,Smart technology solutions for modern life.,551,340,8/13/2023 18:35,0,Buttery and smooth with croissant layers,Sustainable fashion lines,8/13/2023 18:35,272,1,340,8/13/2023 18:35,Creative solutions for home and lifestyle products designed for daily use.,1,0,Hydropower
315,1,VegaBeauty,0,Delicious and nutritious food products.,841,341,6/18/2025 10:44,0,Juicy and tropical with pineapple chunks,Delicious gluten-free snacks,6/18/2025 10:44,540,1,341,6/18/2025 10:44,Leading provider of premium experiences for modern businesses.,1,0,Bioenergy
316,1,LunaSports,0,Fashionable clothing for modern lifestyles.,789,342,12/6/2024 12:27,0,Smoky and intense with smoked trout,Natural skin care serums,12/6/2024 12:27,659,1,342,12/6/2024 12:27,Fun and educational children of all ages for innovative solutions.,1,0,Energy Storage
317,1,OrionToys,0,Refreshing beverages made naturally.,651,343,4/13/2023 16:03,0,Floral and delicate with elderflower petals,Premium outdoor furniture,4/13/2023 16:03,802,1,343,4/13/2023 16:03,Premium home and lifestyle products for balanced life.,1,0,Electric Vehicles
318,1,StellarTools,0,Everyday essentials for modern homes.,735,344,1/26/2025 9:19,0,Tangy and spicy with ginger root,Designer fashion jewelry,1/26/2025 9:19,291,1,344,1/26/2025 9:19,Advanced technology-driven services for home and lifestyle products.,1,0,Charging Stations
319,1,CosmoHome,0,Creative digital media solutions.,726,345,7/24/2024 5:54,0,Creamy and sweet with custard,Healthy protein shakes,7/24/2024 5:54,470,1,345,7/24/2024 5:54,Comprehensive corporate efficiency designed for daily use.,1,0,Energy Efficiency
320,1,QuantumCoffee,0,Fresh groceries sourced from trusted farms.,86,346,11/2/2023 22:10,0,Fresh and bright with kale,Organic hair treatments,11/2/2023 22:10,934,1,346,11/2/2023 22:10,High-quality unique offerings sourced from trusted suppliers.,1,0,Smart Grid
321,1,VertexJuice,0,High-quality fabrics for fashion and interiors.,470,347,3/6/2025 19:38,0,Nutty and crunchy with toasted walnuts,Specialty cocktail mixers,3/6/2025 19:38,321,1,347,3/6/2025 19:38,Innovative fashion and apparel for trendsetters.,1,0,Environmental Monitoring
322,1,NimbusBakery,0,Wellness products for a healthier lifestyle.,924,348,2/27/2024 14:22,0,Sharp and aromatic with black cardamom,Quality outdoor apparel,2/27/2024 14:22,534,1,348,2/27/2024 14:22,Specialty innovative solutions for smarter living.,1,0,Climate Solutions
323,1,HelixPets,0,Electronics for modern living.,502,349,6/8/2023 7:34,0,Earthy and robust with porcini powder,Innovative fitness tools,6/8/2023 7:34,185,1,349,6/8/2023 7:34,Reliable tools and equipment for home and lifestyle products.,1,0,Water Management
324,1,PinnacleTech,0,Delicious snacks for all ages.,433,350,8/11/2025 15:05,0,Light and fruity with passion fruit pulp,Comfortable loungewear,8/11/2025 15:05,11,1,350,8/11/2025 15:05,Creative solutions for digital marketing to enhance productivity.,1,0,Waste Management
325,1,SummitFoods,0,Beauty products for everyone.,416,351,4/28/2024 11:26,0,Spicy and warm with mace,Natural facial cleansers,4/28/2024 11:26,708,1,351,4/28/2024 11:26,Eco-friendly solutions for innovative solutions to reduce environmental impact.,1,0,Recycling
326,1,ZenithWear,0,Sports gear for professionals and amateurs.,486,352,10/18/2023 20:19,0,Sweet and rich with butterscotch syrup,Gourmet baking ingredients,10/18/2023 20:19,774,1,352,10/18/2023 20:19,Health and wellness products for cutting-edge designs that promote wellness.,1,0,Composting
327,1,HorizonDrinks,0,Safe and fun toys for children.,690,353,5/21/2025 6:50,0,Bold and smoky with hickory chips,Outdoor picnic sets,5/21/2025 6:50,531,1,353,5/21/2025 6:50,Fun and educational home and lifestyle products for children of all ages.,1,0,Pollution Control
328,1,AuroraGoods,0,Reliable tools for home and workshop.,351,354,1/3/2024 18:42,0,Tangy and fresh with lemon zest,High-quality sportswear,1/3/2024 18:42,868,1,354,1/3/2024 18:42,Leading provider of innovative solutions for trendsetters.,1,0,Conservation
329,1,SierraMedia,0,Home essentials designed for convenience.,826,355,7/7/2023 13:31,0,Creamy and smooth with cream cheese filling,Handcrafted wooden toys,7/7/2023 13:31,681,1,355,7/7/2023 13:31,Premium corporate efficiency crafted with care.,1,0,Wildlife Protection
330,1,TitanFresh,0,Specialty coffee roasted to perfection.,659,356,9/28/2025 10:25,0,Fresh and crisp with romaine hearts,Sustainable home goods,9/28/2025 10:25,50,1,356,9/28/2025 10:25,Advanced technology-driven services for digital marketing.,1,0,Forestry
331,1,AtlasCloth,0,Natural fruit juices with vitamins.,582,357,6/6/2024 23:41,0,Nutty and smooth with almond paste,Delicious organic snacks,6/6/2024 23:41,66,1,357,6/6/2024 23:41,Creative solutions for fashion and apparel designed for daily use.,1,0,Marine Conservation
332,1,FusionHealth,0,Artisan bread and pastries baked daily.,533,358,2/22/2023 15:33,0,Sharp and pungent with jalapeño,Natural bath salts,2/22/2023 15:33,964,1,358,2/22/2023 15:33,High-quality home and lifestyle products for modern businesses.,1,0,Education & Training
333,1,PrimeElectronics,0,Pet products to keep pets healthy and happy.,991,359,12/4/2025 8:12,0,Earthy and sweet with roasted pumpkin,Premium workout gear,12/4/2025 8:12,553,1,359,12/4/2025 8:12,Innovative unique offerings sourced from trusted suppliers.,1,0,Professional Development
334,1,NextSnacks,0,Smart technology for everyday life.,321,360,9/17/2024 19:53,0,Sweet and floral with honeysuckle,Designer sunglasses,9/17/2024 19:53,841,1,360,9/17/2024 19:53,Reliable tools and equipment for corporate efficiency.,1,0,Online Courses
335,1,CoreBeauty,0,Delicious and nutritious food products.,146,361,5/20/2023 21:38,0,Bright and citrusy with lime zest,Healthy hydration products,5/20/2023 21:38,316,1,361,5/20/2023 21:38,Specialty premium experiences for trendsetters.,1,0,Language Learning
336,1,EpicSports,0,Trendy clothing for all occasions.,380,362,7/6/2025 13:07,0,Smooth and rich with vanilla glaze,Organic face masks,7/6/2025 13:07,598,1,362,7/6/2025 13:07,Health and wellness products for smarter living.,1,0,Test Preparation
337,1,AlphaToys,0,Refreshing beverages made naturally.,491,363,10/21/2024 7:36,0,Fruity and tart with cranberry juice,Specialty tea blends,10/21/2024 7:36,527,1,363,10/21/2024 7:36,Fun and educational children of all ages for balanced life.,1,0,Early Childhood Education
338,1,BetaTools,0,Everyday essentials for modern homes.,396,364,1/13/2023 5:18,0,Spicy and warm with nutmeg powder,Quality hiking clothes,1/13/2023 5:18,396,1,364,1/13/2023 5:18,Creative solutions for home and lifestyle products to enhance productivity.,1,0,K-12 Education
339,1,GammaHome,0,Creative solutions for digital media campaigns.,164,365,2/19/2025 20:41,0,Light and floral with rose hip,Innovative smart devices,2/19/2025 20:41,454,1,365,2/19/2025 20:41,Leading provider of cutting-edge designs for modern businesses.,1,0,Higher Education
340,1,DeltaCoffee,0,Fresh groceries sourced from trusted suppliers.,762,366,5/21/2024 14:29,0,Sweet and creamy with clotted cream,Comfortable sports bras,5/21/2024 14:29,973,1,366,5/21/2024 14:29,Premium home and lifestyle products for innovative solutions.,1,0,Adult Education
341,1,EpsilonJuice,0,High-quality fabrics for fashion and interiors.,711,367,9/18/2023 9:52,0,Bold and smoky with smoked sausage,Natural lip scrubs,9/18/2023 9:52,342,1,367,9/18/2023 9:52,Advanced technology-driven services designed for daily use.,1,0,Special Education
342,1,ZetaBakery,0,Health products for a balanced lifestyle.,95,368,11/7/2025 18:12,0,Tangy and fresh with lime wedges,Gourmet cooking spices,11/7/2025 18:12,609,1,368,11/7/2025 18:12,Fun and educational unique offerings for children of all ages.,1,0,Educational Technology
343,1,EtaPets,0,Electronics that make life easier.,569,369,3/25/2024 22:47,0,Creamy and soft with cream cheese frosting,Outdoor adventure equipment,3/25/2024 22:47,792,1,369,3/25/2024 22:47,Eco-friendly solutions for corporate efficiency to reduce environmental impact.,1,0,Classroom Supplies
344,1,ThetaTech,0,Delicious snacks made with care.,831,370,8/1/2023 7:38,0,Fresh and crisp with iceberg wedges,High-end fitness trackers,8/1/2023 7:38,673,1,370,8/1/2023 7:38,High-quality digital marketing crafted with care.,1,0,School Furniture
345,1,IotaFoods,0,Beauty products for natural enhancement.,454,371,6/14/2025 10:04,0,Nutty and rich with pine nuts,Handmade jewelry boxes,6/14/2025 10:04,390,1,371,6/14/2025 10:04,Reliable tools and equipment for trendsetters.,1,0,Teaching Aids
346,1,KappaWear,0,Sports gear for professionals and enthusiasts.,656,372,12/15/2024 18:24,0,Sharp and pungent with green chili,Sustainable fashion accessories,12/15/2024 18:24,859,1,372,12/15/2024 18:24,Specialty innovative solutions for fashion and apparel.,1,0,Student Resources
347,1,LambdaDrinks,0,Safe and fun toys for kids.,882,373,4/20/2023 6:45,0,Earthy and deep with roasted coffee,Delicious gluten-free treats,4/20/2023 6:45,152,1,373,4/20/2023 6:45,Health and wellness products for home and lifestyle products that promote wellness.,1,0,Library Supplies
348,1,MuGoods,0,Reliable tools for home and DIY.,564,374,1/20/2025 13:58,0,Sweet and juicy with watermelon slices,Natural skin serums,1/20/2025 13:58,585,1,374,1/20/2025 13:58,Creative solutions for premium experiences for trendsetters.,1,0,Research Tools
349,1,NuMedia,0,Innovative smart home products for modern living.,914,375,7/4/2024 21:07,0,Spicy and bold with black chili,Premium outdoor lighting,7/4/2024 21:07,485,1,375,7/4/2024 21:07,Leading provider of innovative solutions for smarter living.,1,0,Learning Games
350,1,XiFresh,0,Quality organic food items for health-conscious consumers.,891,376,11/7/2023 16:29,0,Light and citrusy with mandarin orange,Designer handbags,11/7/2023 16:29,215,1,376,11/7/2023 16:29,Fun and educational children of all ages for modern businesses.,1,0,Educational Software
351,1,OmicronCloth,0,Fashion accessories to complement every outfit.,196,377,3/24/2025 11:38,0,Buttery and smooth with pastry dough,Healthy meal replacements,3/24/2025 11:38,948,1,377,3/24/2025 11:38,Premium corporate efficiency sourced from trusted suppliers.,1,0,Tutoring Services
352,1,PiHealth,0,Refreshing natural fruit juices and smoothies.,955,378,2/16/2024 7:56,0,Juicy and tropical with passion fruit pulp,Organic baby care,2/16/2024 7:56,55,1,378,2/16/2024 7:56,Advanced technology-driven services for unique offerings.,1,0,Career Services
353,1,RhoElectronics,0,Durable outdoor gear for adventure seekers.,365,379,6/27/2023 18:41,0,Smoky and intense with smoked brisket,Specialty coffee roasters,6/27/2023 18:41,567,1,379,6/27/2023 18:41,Comprehensive home and lifestyle products designed for daily use.,1,0,Scholarships & Grants
354,1,SigmaSnacks,0,Creative digital marketing strategies for brands.,570,380,8/19/2025 14:03,0,Floral and delicate with jasmine aroma,Quality running gear,8/19/2025 14:03,942,1,380,8/19/2025 14:03,High-quality cutting-edge designs for trendsetters.,1,0,Student Housing
355,1,TauBeauty,0,Freshly prepared meals with wholesome ingredients.,91,381,4/13/2024 12:39,0,Tangy and spicy with black pepper,Innovative wireless chargers,4/13/2024 12:39,624,1,381,4/13/2024 12:39,Innovative fashion and apparel for digital marketing.,1,0,Alumni Relations
356,1,UpsilonSports,0,Eco-friendly household products for sustainable living.,744,382,10/5/2023 19:28,0,Creamy and sweet with vanilla pudding,Comfortable yoga pants,10/5/2023 19:28,445,1,382,10/5/2023 19:28,Specialty unique offerings for balanced life.,1,0,Campus Life
357,1,PhiToys,0,Advanced electronics for entertainment and work.,412,383,5/14/2025 9:53,0,Fresh and bright with baby lettuce,Natural hair oils,5/14/2025 9:53,339,1,383,5/14/2025 9:53,Reliable tools and equipment for home and lifestyle products.,1,0,College Sports
358,1,ChiTools,0,Comfortable footwear designed for all-day wear.,32,384,1/21/2024 20:10,0,Nutty and crunchy with pecan pieces,Gourmet cheese boards,1/21/2024 20:10,759,1,384,1/21/2024 20:10,Creative solutions for innovative solutions to enhance productivity.,1,0,University Programs
359,1,PsiHome,0,Natural beauty products for radiant skin.,865,385,7/14/2023 7:54,0,Sharp and aromatic with anise seed,Outdoor travel gear,7/14/2023 7:54,367,1,385,7/14/2023 7:54,Eco-friendly solutions for smarter living to reduce environmental impact.,1,0,Graduate Studies
360,1,OmegaCoffee,0,High-quality sports equipment for active lifestyles.,635,386,9/19/2025 16:25,0,Earthy and robust with dried mushrooms,High-end audio headphones,9/19/2025 16:25,665,1,386,9/19/2025 16:25,Health and wellness products for premium experiences that promote wellness.,1,0,Vocational Training
361,1,ApexJuice,0,Engaging educational toys for children.,925,387,6/14/2024 8:34,0,Light and fruity with guava nectar,Handmade home decor,6/14/2024 8:34,953,1,387,6/14/2024 8:34,Fun and educational home and lifestyle products for children of all ages.,1,0,Arts & Culture
362,1,NovaBakery,0,Reliable home improvement tools.,312,388,2/9/2023 13:27,0,Spicy and warm with cinnamon powder,Sustainable gardening tools,2/9/2023 13:27,548,1,388,2/9/2023 13:27,Leading provider of digital marketing for modern businesses.,1,0,Museums & Galleries
363,1,VegaPets,0,Trendy apparel for casual and formal occasions.,827,389,12/23/2025 5:58,0,Sweet and rich with caramel sauce,Delicious organic teas,12/23/2025 5:58,112,1,389,12/23/2025 5:58,Advanced technology-driven services for corporate efficiency.,1,0,Performing Arts
364,1,LunaTech,0,Specialty teas crafted from premium leaves.,220,390,9/26/2024 18:44,0,Bold and smoky with mesquite flavor,Natural bath bombs,9/26/2024 18:44,901,1,390,9/26/2024 18:44,Premium home and lifestyle products for innovative solutions.,1,0,Music & Dance
365,1,OrionFoods,0,Healthy snack options for busy lifestyles.,595,391,5/12/2023 21:21,0,Tangy and fresh with lime juice,Premium workout gear,5/12/2023 21:21,195,1,391,5/12/2023 21:21,Fun and educational children of all ages for balanced life.,1,0,Film & Television
366,1,StellarWear,0,Pet supplies to keep your furry friends happy.,325,392,7/11/2025 7:39,0,Creamy and smooth with yogurt cream,Designer men's shoes,7/11/2025 7:39,658,1,392,7/11/2025 7:39,Creative solutions for cutting-edge designs designed for daily use.,1,0,Literature & Writing
367,1,CosmoDrinks,0,Cutting-edge technology solutions for businesses.,372,393,10/25/2024 14:58,0,Fresh and crisp with romaine lettuce,Healthy snack mixes,10/25/2024 14:58,128,1,393,10/25/2024 14:58,High-quality home and lifestyle products sourced from trusted suppliers.,1,0,Cultural Heritage
368,1,QuantumGoods,0,Delicious baked goods made from traditional recipes.,773,394,1/11/2023 6:48,0,Nutty and smooth with peanut cream,Organic skincare kits,1/11/2023 6:48,754,1,394,1/11/2023 6:48,Specialty fashion and apparel for trendsetters.,1,0,Festivals & Events
369,1,VertexMedia,0,Stylish eyewear to suit every face.,239,395,2/14/2025 17:36,0,Sharp and pungent with mustard,Specialty baking tools,2/14/2025 17:36,271,1,395,2/14/2025 17:36,Reliable tools and equipment for smarter living.,1,0,Craftsmanship
370,1,NimbusFresh,0,Essential kitchen tools for home chefs.,417,396,5/18/2024 10:13,0,Earthy and sweet with baked sweet potato,Quality yoga blocks,5/18/2024 10:13,627,1,396,5/18/2024 10:13,Fun and educational home and lifestyle products for children of all ages.,1,0,Artisan Products
371,1,HelixCloth,0,Organic skincare products for all skin types.,483,397,9/7/2023 15:44,0,Sweet and floral with rose essence,Innovative smart lighting,9/7/2023 15:44,168,1,397,9/7/2023 15:44,Creative solutions for innovative solutions to enhance productivity.,1,0,Antiques & Collectibles
372,1,PinnacleHealth,0,Innovative fitness gear to boost performance.,423,398,11/24/2025 20:19,0,Bright and citrusy with lemon peel,Comfortable winter jackets,11/24/2025 20:19,25,1,398,11/24/2025 20:19,Health and wellness products for premium experiences that promote wellness.,1,0,Culinary Arts
373,1,SummitElectronics,0,Fresh flowers and plants for every occasion.,317,399,3/13/2024 22:37,0,Smooth and rich with honey glaze,Natural beard oils,3/13/2024 22:37,545,1,399,3/13/2024 22:37,Leading provider of corporate efficiency for modern businesses.,1,0,Gastronomy
374,1,ZenithSnacks,0,Affordable fashion with a luxury feel.,342,400,8/22/2023 11:05,0,Fruity and tart with cherry juice,Gourmet dessert toppings,8/22/2023 11:05,306,1,400,8/22/2023 11:05,Specialty innovative solutions for home and lifestyle products.,1,0,Wine & Spirits
375,1,HorizonBeauty,0,Premium chocolates and confectionery.,31,401,6/6/2025 6:52,0,Spicy and warm with allspice powder,Outdoor fishing accessories,6/6/2025 6:52,604,1,401,6/6/2025 6:52,High-quality fashion and apparel for balanced life.,1,0,Food Festivals
376,1,AuroraSports,0,Safety equipment for industrial and home use.,621,402,12/2/2024 13:49,0,Light and floral with lavender essence,High-quality hiking gear,12/2/2024 13:49,467,1,402,12/2/2024 13:49,Fun and educational children of all ages for innovative solutions.,1,0,Hospitality
377,1,SierraToys,0,Creative stationery and office supplies.,529,403,4/17/2023 19:27,0,Sweet and creamy with panna cotta,Handcrafted pottery bowls,4/17/2023 19:27,654,1,403,4/17/2023 19:27,Creative solutions for digital marketing sourced from trusted suppliers.,1,0,Hotels & Resorts
378,1,TitanTools,0,Durable luggage and travel accessories.,394,404,1/1/2025 8:40,0,Bold and smoky with smoked paprika,Sustainable travel accessories,1/1/2025 8:40,319,1,404,1/1/2025 8:40,Premium home and lifestyle products designed for daily use.,1,0,Restaurants
379,1,AtlasHome,0,Natural supplements for improved wellness.,357,405,7/12/2024 15:16,0,Tangy and fresh with lime zest,Delicious vegan snacks,7/12/2024 15:16,86,1,405,7/12/2024 15:16,Advanced technology-driven services for cutting-edge designs.,1,0,Catering Services
380,1,FusionCoffee,0,High-performance computer accessories.,465,406,11/25/2023 21:03,0,Creamy and soft with mascarpone cheese,Natural body scrubs,11/25/2023 21:03,874,1,406,11/25/2023 21:03,Reliable tools and equipment for unique offerings.,1,0,Travel Agencies
381,1,PrimeJuice,0,Customized gift items for special moments.,161,407,3/21/2025 10:26,0,Fresh and crisp with green apple slices,Premium ski apparel,3/21/2025 10:26,840,1,407,3/21/2025 10:26,Fun and educational home and lifestyle products for children of all ages.,1,0,Tourism
382,1,NextBakery,0,Eco-conscious packaging solutions.,989,408,2/5/2024 12:44,0,Nutty and rich with almond paste,Designer leather shoes,2/5/2024 12:44,895,1,408,2/5/2024 12:44,Creative solutions for corporate efficiency to enhance productivity.,1,0,Transportation
383,1,CorePets,0,Artisan cheeses and dairy products.,147,409,6/16/2023 20:35,0,Sharp and pungent with horseradish sauce,Healthy energy bars,6/16/2023 20:35,44,1,409,6/16/2023 20:35,Health and wellness products for smarter living.,1,0,Airlines
384,1,EpicTech,0,Sustainable fashion brands leading the way.,188,410,8/3/2025 18:15,0,Earthy and deep with roasted beets,Organic baby toys,8/3/2025 18:15,667,1,410,8/3/2025 18:15,Leading provider of premium experiences for trendsetters.,1,0,Railways
385,1,AlphaFoods,0,Home decor items to personalize your space.,223,411,4/3/2024 7:01,0,Sweet and juicy with ripe mango,Specialty espresso machines,4/3/2024 7:01,150,1,411,4/3/2024 7:01,Specialty innovative solutions for modern businesses.,1,0,Public Transport
386,1,BetaWear,0,Fitness apparel for all workout types.,27,412,10/22/2023 13:56,0,Spicy and bold with chili powder,Quality running gear,10/22/2023 13:56,663,1,412,10/22/2023 13:56,High-quality home and lifestyle products crafted with care.,1,0,Car Rentals
387,1,GammaDrinks,0,Specialty sauces and condiments.,29,413,5/27/2025 9:04,0,Light and citrusy with orange zest,Innovative smartphone accessories,5/27/2025 9:04,429,1,413,5/27/2025 9:04,Fun and educational children of all ages for home and lifestyle products.,1,0,Ride Sharing
388,1,DeltaGoods,0,Organic baby products for gentle care.,135,414,1/13/2024 6:48,0,Buttery and smooth with shortbread crust,Comfortable athletic wear,1/13/2024 6:48,603,1,414,1/13/2024 6:48,Creative solutions for fashion and apparel designed for daily use.,1,0,Logistics & Delivery
389,1,EpsilonMedia,0,Innovative lighting solutions.,309,415,7/21/2023 19:28,0,Juicy and tropical with papaya puree,Natural lip balms,7/21/2023 19:28,349,1,415,7/21/2023 19:28,Premium home and lifestyle products for innovative solutions.,1,0,Warehousing
390,1,ZetaFresh,0,Delicious vegan and vegetarian foods.,828,416,9/23/2025 14:17,0,Smoky and intense with smoked ham,Gourmet spice racks,9/23/2025 14:17,351,1,416,9/23/2025 14:17,Advanced technology-driven services for digital marketing.,1,0,Supply Chain
391,1,EtaCloth,0,Outdoor furniture designed for comfort.,547,417,6/1/2024 8:36,0,Floral and delicate with rose petals,Outdoor camping gear,6/1/2024 8:36,184,1,417,6/1/2024 8:36,Reliable tools and equipment for unique offerings.,1,0,Freight Services
392,1,ThetaHealth,0,High-quality musical instruments.,319,418,2/16/2023 21:06,0,Tangy and spicy with chipotle peppers,High-end fitness apparel,2/16/2023 21:06,668,1,418,2/16/2023 21:06,Fun and educational home and lifestyle products for children of all ages.,1,0,Courier Services
393,1,IotaElectronics,0,Craft beers and specialty drinks.,437,419,12/16/2025 17:34,0,Creamy and sweet with vanilla custard,Handmade jewelry pieces,12/16/2025 17:34,381,1,419,12/16/2025 17:34,Creative solutions for cutting-edge designs to enhance productivity.,1,0,Postal Services
394,1,KappaSnacks,0,Travel essentials for frequent flyers.,12,420,9/21/2024 11:43,0,Fresh and bright with baby spinach,Sustainable fashion lines,9/21/2024 11:43,628,1,420,9/21/2024 11:43,Health and wellness products for premium experiences that promote wellness.,1,0,Packaging
395,1,LambdaBeauty,0,Advanced health monitoring devices.,586,421,5/24/2023 5:27,0,Nutty and crunchy with toasted almonds,Delicious gluten-free meals,5/24/2023 5:27,469,1,421,5/24/2023 5:27,Leading provider of innovative solutions for trendsetters.,1,0,Printing & Publishing
396,1,MuSports,0,Customizable tech gadgets.,749,422,7/20/2025 20:52,0,Sharp and aromatic with cumin seeds,Natural skin toners,7/20/2025 20:52,458,1,422,7/20/2025 20:52,Specialty fashion and apparel for smarter living.,1,0,Advertising & Marketing
397,1,NuToys,0,Natural cleaning products for a healthier home.,956,423,10/6/2024 15:03,0,Earthy and robust with black truffle,Premium outdoor lighting,10/6/2024 15:03,594,1,423,10/6/2024 15:03,High-quality corporate efficiency sourced from trusted suppliers.,1,0,Public Relations
398,1,XiTools,0,Gourmet spices and herbs.,605,424,1/30/2023 10:12,0,Light and fruity with pomegranate seeds,Designer fashion scarves,1/30/2023 10:12,921,1,424,1/30/2023 10:12,Fun and educational children of all ages for home and lifestyle products.,1,0,Brand Management
399,1,OmicronHome,0,Luxury watches and jewelry.,385,425,2/27/2025 7:50,0,Spicy and warm with cardamom pods,Healthy protein bars,2/27/2025 7:50,714,1,425,2/27/2025 7:50,Creative solutions for home and lifestyle products designed for daily use.,1,0,Market Research
400,1,PiCoffee,0,Quality automotive accessories.,295,426,5/3/2024 19:18,0,Sweet and rich with toffee sauce,Organic hair care kits,5/3/2024 19:18,607,1,426,5/3/2024 19:18,Premium home and lifestyle products for balanced life.,1,0,Digital Marketing
401,1,RhoJuice,0,Educational software and tools.,669,427,9/13/2023 22:29,0,Bold and smoky with mesquite charcoal,Specialty cocktail glasses,9/13/2023 22:29,405,1,427,9/13/2023 22:29,Advanced technology-driven services for innovative solutions.,1,0,Social Media
402,1,SigmaBakery,0,Premium coffee blends and accessories.,864,428,11/16/2025 6:31,0,Tangy and fresh with lemon juice,Quality outdoor shoes,11/16/2025 6:31,281,1,428,11/16/2025 6:31,Reliable tools and equipment for corporate efficiency.,1,0,Content Creation
403,1,TauPets,0,Smartphone and tablet accessories.,720,429,3/9/2024 11:04,0,Creamy and smooth with ricotta cheese,Innovative fitness trackers,3/9/2024 11:04,866,1,429,3/9/2024 11:04,Fun and educational home and lifestyle products for children of all ages.,1,0,Search Engine Optimization
404,1,UpsilonTech,0,Organic hair care products.,205,430,8/10/2023 8:55,0,Fresh and crisp with iceberg lettuce,Comfortable sleepwear sets,8/10/2023 8:55,682,1,430,8/10/2023 8:55,Creative solutions for digital marketing to enhance productivity.,1,0,Event Management
405,1,PhiFoods,0,Specialized camping and hiking gear.,674,431,6/27/2025 15:44,0,Nutty and smooth with cashew butter,Natural facial moisturizers,6/27/2025 15:44,830,1,431,6/27/2025 15:44,Health and wellness products for cutting-edge designs that promote wellness.,1,0,Promotions & Sales
406,1,ChiWear,0,Healthy meal delivery services.,589,432,12/4/2024 13:26,0,Sharp and pungent with radish sprouts,Gourmet baking tools,12/4/2024 13:26,477,1,432,12/4/2024 13:26,Leading provider of unique offerings for modern businesses.,1,0,Customer Service
407,1,PsiDrinks,0,Designer handbags and wallets.,269,433,4/27/2023 21:37,0,Earthy and sweet with roasted garlic,Outdoor picnic gear,4/27/2023 21:37,619,1,433,4/27/2023 21:37,Specialty innovative solutions designed for daily use.,1,0,Retail
408,1,OmegaGoods,0,Specialty pet foods and treats.,448,434,1/10/2025 17:52,0,Sweet and floral with rose water,High-quality sports equipment,1/10/2025 17:52,797,1,434,1/10/2025 17:52,High-quality fashion and apparel for trendsetters.,1,0,E-commerce
409,1,ApexMedia,0,Innovative water filtration systems.,729,435,7/18/2024 9:14,0,Bright and citrusy with lemon peel,Handcrafted wooden furniture,7/18/2024 9:14,863,1,435,7/18/2024 9:14,Fun and educational children of all ages for innovative solutions.,1,0,Brick & Mortar Stores
410,1,NovaFresh,0,Comfortable bedding and linens.,993,436,11/12/2023 15:38,0,Smooth and rich with honey,Sustainable home decor,11/12/2023 15:38,263,1,436,11/12/2023 15:38,Creative solutions for premium experiences to enhance productivity.,1,0,Wholesale
411,1,VegaCloth,0,Natural remedies and herbal supplements.,847,437,3/4/2025 6:09,0,Fruity and tart with black cherry,Delicious organic snacks,3/4/2025 6:09,294,1,437,3/4/2025 6:09,Premium home and lifestyle products for smarter living.,1,0,Franchising
412,1,LunaHealth,0,High-tech security systems.,243,438,2/22/2024 20:43,0,Spicy and warm with clove buds,Natural bath salts,2/22/2024 20:43,634,1,438,2/22/2024 20:43,Advanced technology-driven services for corporate efficiency.,1,0,Business Services
413,1,OrionElectronics,0,Handcrafted artisanal goods.,479,439,6/14/2023 13:02,0,Light and floral with violet syrup,Premium workout supplements,6/14/2023 13:02,341,1,439,6/14/2023 13:02,Reliable tools and equipment for unique offerings.,1,0,Consulting
414,1,StellarSnacks,0,Eco-friendly office supplies.,796,440,8/1/2025 11:19,0,Sweet and creamy with vanilla ice cream,Designer sunglasses cases,8/1/2025 11:19,991,1,440,8/1/2025 11:19,Fun and educational home and lifestyle products for children of all ages.,1,0,Legal Services
415,1,CosmoBeauty,0,Fitness trackers and smartwatches.,681,441,4/15/2024 18:23,0,Bold and smoky with smoked cheddar,Healthy hydration drinks,4/15/2024 18:23,700,1,441,4/15/2024 18:23,Creative solutions for cutting-edge designs designed for daily use.,1,0,Accounting
416,1,QuantumSports,0,Quality outdoor sportswear.,141,442,10/28/2023 7:45,0,Tangy and fresh with pomegranate seeds,Organic face creams,10/28/2023 7:45,126,1,442,10/28/2023 7:45,Health and wellness products for innovative solutions that promote wellness.,1,0,Financial Services
417,1,VertexToys,0,Art supplies for creatives.,753,443,5/8/2025 21:53,0,Creamy and soft with mascarpone cream,Specialty tea infusers,5/8/2025 21:53,511,1,443,5/8/2025 21:53,Leading provider of corporate efficiency for trendsetters.,1,0,Insurance
418,1,NimbusTools,0,Gourmet cooking oils and vinegars.,876,444,1/26/2024 10:12,0,Fresh and crisp with cucumber ribbons,Quality hiking shoes,1/26/2024 10:12,260,1,444,1/26/2024 10:12,Specialty fashion and apparel sourced from trusted suppliers.,1,0,Real Estate
419,1,HelixHome,0,Natural sunscreens and skincare.,623,445,7/2/2023 16:48,0,Nutty and rich with pecan nuts,Innovative smart appliances,7/2/2023 16:48,252,1,445,7/2/2023 16:48,High-quality home and lifestyle products crafted with care.,1,0,Property Management
420,1,PinnacleCoffee,0,Unique home fragrances and candles.,240,446,9/5/2025 19:39,0,Sharp and pungent with chili flakes,Comfortable sports clothing,9/5/2025 19:39,846,1,446,9/5/2025 19:39,Fun and educational children of all ages for home and lifestyle products.,1,0,Construction
421,1,SummitJuice,0,Organic teas and herbal infusions.,140,447,6/16/2024 14:04,0,Earthy and deep with black pepper,Natural lipsticks,6/16/2024 14:04,473,1,447,6/16/2024 14:04,Creative solutions for digital marketing designed for daily use.,1,0,Architecture
422,1,ZenithBakery,0,Premium wine and spirits.,390,448,2/7/2023 7:25,0,Sweet and juicy with plum,Gourmet cooking oils,2/7/2023 7:25,740,1,448,2/7/2023 7:25,Premium home and lifestyle products for innovative solutions.,1,0,Engineering
423,1,HorizonPets,0,Luxury skincare treatments.,612,449,12/5/2025 20:16,0,Spicy and bold with cayenne pepper,Outdoor adventure gear,12/5/2025 20:16,186,1,449,12/5/2025 20:16,Advanced technology-driven services for smarter living.,1,0,Manufacturing
424,1,AuroraTech,0,Children's educational books.,265,450,9/5/2024 15:09,0,Light and citrusy with orange zest,High-end sound equipment,9/5/2024 15:09,869,1,450,9/5/2024 15:09,Reliable tools and equipment for premium experiences.,1,0,Product Design
425,1,SierraFoods,0,Quality kitchen appliances.,272,451,5/17/2023 6:48,0,Buttery and smooth with croissant layers,Handmade ceramic mugs,5/17/2023 6:48,3,1,451,5/17/2023 6:48,Fun and educational home and lifestyle products for children of all ages.,1,0,Quality Control
426,1,TitanWear,0,Innovative automotive gadgets.,40,452,7/27/2025 8:41,0,Juicy and tropical with pineapple chunks,Sustainable fashion brands,7/27/2025 8:41,839,1,452,7/27/2025 8:41,Creative solutions for corporate efficiency to enhance productivity.,1,0,Health & Safety
427,1,AtlasDrinks,0,Sustainable gardening supplies.,897,453,10/17/2024 22:36,0,Smoky and intense with smoked trout,Delicious vegan meals,10/17/2024 22:36,566,1,453,10/17/2024 22:36,Health and wellness products for balanced life.,1,0,Human Resources
428,1,FusionGoods,0,Healthy snack subscription boxes.,814,454,1/21/2023 13:04,0,Floral and delicate with elderflower petals,Natural body lotions,1/21/2023 13:04,403,1,454,1/21/2023 13:04,Leading provider of unique offerings for modern businesses.,1,0,Recruitment
429,1,PrimeMedia,0,Comfortable and stylish hats.,435,455,2/6/2025 12:33,0,Tangy and spicy with ginger root,Premium ski gear,2/6/2025 12:33,406,1,455,2/6/2025 12:33,Specialty innovative solutions for trendsetters.,1,0,Training & Development
430,1,NextFresh,0,Natural baby food products.,963,456,5/22/2024 7:17,0,Creamy and sweet with custard,Designer leather bags,5/22/2024 7:17,856,1,456,5/22/2024 7:17,High-quality fashion and apparel sourced from trusted suppliers.,1,0,Corporate Social Responsibility
431,1,CoreCloth,0,High-end audio equipment.,939,457,9/9/2023 15:27,0,Fresh and bright with kale,Healthy snack packs,9/9/2023 15:27,705,1,457,9/9/2023 15:27,Fun and educational children of all ages for innovative solutions.,1,0,Information Technology
432,1,EpicHealth,0,Specialized workout equipment.,695,458,11/22/2025 20:01,0,Nutty and crunchy with toasted walnuts,Organic baby products,11/22/2025 20:01,997,1,458,11/22/2025 20:01,Creative solutions for home and lifestyle products designed for daily use.,1,0,Software Development
433,1,AlphaElectronics,0,Handmade jewelry collections.,322,459,3/7/2024 6:09,0,Sharp and aromatic with black cardamom,Specialty coffee blends,3/7/2024 6:09,677,1,459,3/7/2024 6:09,Premium home and lifestyle products for corporate efficiency.,1,0,Hardware Manufacturing
434,1,BetaSnacks,0,Organic and fair-trade coffee.,267,460,8/3/2023 18:17,0,Earthy and robust with porcini powder,Quality running accessories,8/3/2023 18:17,324,1,460,8/3/2023 18:17,Advanced technology-driven services for cutting-edge designs.,1,0,IT Services
435,1,GammaBeauty,0,Decorative art pieces.,995,461,6/17/2025 11:50,0,Light and fruity with passion fruit pulp,Innovative wireless headphones,6/17/2025 11:50,657,1,461,6/17/2025 11:50,Reliable tools and equipment for smarter living.,1,0,Cybersecurity
436,1,DeltaSports,0,Smart home automation devices.,675,462,12/11/2024 15:59,0,Spicy and warm with mace,Comfortable yoga tops,12/11/2024 15:59,784,1,462,12/11/2024 15:59,Fun and educational home and lifestyle products for children of all ages.,1,0,Cloud Computing
437,1,EpsilonToys,0,Fashionable scarves and wraps.,790,463,4/9/2023 21:05,0,Sweet and rich with butterscotch syrup,Natural hair conditioners,4/9/2023 21:05,538,1,463,4/9/2023 21:05,Leading provider of innovative solutions for modern businesses.,1,0,Data Analytics
438,1,ZetaTools,0,Fresh seafood and delicacies.,439,464,1/22/2025 7:47,0,Bold and smoky with hickory chips,Gourmet cheese assortments,1/22/2025 7:47,276,1,464,1/22/2025 7:47,Premium home and lifestyle products sourced from trusted suppliers.,1,0,Artificial Intelligence
439,1,EtaHome,0,Natural pet grooming products.,768,465,7/3/2024 18:24,0,Tangy and fresh with lemon zest,Outdoor travel backpacks,7/3/2024 18:24,41,1,465,7/3/2024 18:24,Creative solutions for digital marketing to enhance productivity.,1,0,Machine Learning
440,1,ThetaCoffee,0,High-quality office furniture.,941,466,11/15/2023 12:01,0,Creamy and smooth with cream cheese filling,High-end audio systems,11/15/2023 12:01,101,1,466,11/15/2023 12:01,Fresh and organic produce crafted with care.,1,0,Blockchain
441,1,IotaJuice,0,Luxury bath and body products.,918,467,3/27/2025 15:33,0,Fresh and crisp with romaine hearts,Handmade home accessories,3/27/2025 15:33,170,1,467,3/27/2025 15:33,Cutting-edge technology for smarter living designed for daily use.,1,0,Internet of Things
442,1,KappaBakery,0,Ethical fashion brands.,18,468,2/4/2024 11:45,0,Nutty and smooth with almond paste,Sustainable gardening supplies,2/4/2024 11:45,282,1,468,2/4/2024 11:45,Health and wellness products for balanced life that promote wellness.,1,0,Virtual Reality
443,1,LambdaPets,0,Gourmet chocolate assortments.,453,469,6/19/2023 17:14,0,Sharp and pungent with jalapeño,Delicious organic beverages,6/19/2023 17:14,971,1,469,6/19/2023 17:14,Reliable tools and equipment for professionals and DIYers.,1,0,Augmented Reality
444,1,MuTech,0,Healthy smoothie mixes.,855,470,8/24/2025 9:20,0,Earthy and sweet with roasted pumpkin,Natural bath oils,8/24/2025 9:20,578,1,470,8/24/2025 9:20,Fun and educational offerings for children of all ages to inspire creativity.,1,0,3D Printing
445,1,NuFoods,0,Outdoor adventure tools.,482,471,4/7/2024 20:31,0,Sweet and floral with honeysuckle,Premium workout clothing,4/7/2024 20:31,814,1,471,4/7/2024 20:31,Eco-friendly solutions for sustainable living to reduce environmental impact.,1,0,Robotics
446,1,XiWear,0,Personalized stationery sets.,182,472,10/16/2023 13:43,0,Bright and citrusy with lime zest,Designer men's accessories,10/16/2023 13:43,800,1,472,10/16/2023 13:43,Innovative unique offerings for trendsetters.,1,0,Automation
447,1,OmicronDrinks,0,Innovative phone cases.,485,473,5/29/2025 14:05,0,Smooth and rich with vanilla glaze,Healthy snack options,5/29/2025 14:05,161,1,473,5/29/2025 14:05,Comprehensive corporate efficiency for modern businesses.,1,0,Telecommunications
448,1,PiGoods,0,Comfort footwear for athletes.,618,474,1/17/2024 6:54,0,Fruity and tart with cranberry juice,Organic skincare products,1/17/2024 6:54,885,1,474,1/17/2024 6:54,High-quality premium experiences sourced from trusted suppliers.,1,0,Mobile Networks
449,1,RhoMedia,0,Organic skincare gift sets.,718,475,7/8/2023 11:18,0,Spicy and warm with nutmeg powder,Specialty baking sets,7/8/2023 11:18,524,1,475,7/8/2023 11:18,Specialty cutting-edge designs crafted with care.,1,0,Satellite Communications
450,1,SigmaFresh,0,Specialty cheeses and charcuterie.,438,476,9/20/2025 21:22,0,Light and floral with rose hip,Quality yoga gear,9/20/2025 21:22,523,1,476,9/20/2025 21:22,Advanced technology-driven services designed for daily use.,1,0,Broadcasting
451,1,TauCloth,0,Quality camping equipment.,793,477,6/23/2024 7:38,0,Sweet and creamy with clotted cream,Innovative smart gadgets,6/23/2024 7:38,226,1,477,6/23/2024 7:38,Creative solutions for fashion and apparel for trendsetters.,1,0,Media & Entertainment
452,1,UpsilonHealth,0,Natural health supplements.,266,478,2/9/2023 19:49,0,Bold and smoky with smoked sausage,Comfortable winter wear,2/9/2023 19:49,925,1,478,2/9/2023 19:49,Leading provider of digital marketing for modern businesses.,1,0,Film Production
453,1,PhiElectronics,0,Designer sunglasses.,248,479,12/18/2025 5:12,0,Tangy and fresh with lime wedges,Natural beard balms,12/18/2025 5:12,223,1,479,12/18/2025 5:12,Premium home and lifestyle products designed for daily use.,1,0,Television Production
454,1,ChiSnacks,0,Creative DIY craft kits.,310,480,9/16/2024 14:23,0,Creamy and soft with cream cheese frosting,Gourmet dessert sauces,9/16/2024 14:23,231,1,480,9/16/2024 14:23,Fun and educational unique offerings for children of all ages.,1,0,Radio Broadcasting
455,1,PsiBeauty,0,Premium organic honey.,593,481,5/21/2023 22:45,0,Fresh and crisp with iceberg wedges,Outdoor fishing gear,5/21/2023 22:45,849,1,481,5/21/2023 22:45,Health and wellness products for innovative solutions that promote wellness.,1,0,Video Games
456,1,OmegaSports,0,Children's toys and games.,792,482,7/3/2025 8:56,0,Nutty and rich with pine nuts,High-quality hiking boots,7/3/2025 8:56,730,1,482,7/3/2025 8:56,Cutting-edge technology for corporate efficiency to enhance productivity.,1,0,Publishing
457,1,ApexToys,0,Innovative fitness trackers.,747,483,10/4/2024 11:37,0,Sharp and pungent with green chili,Handcrafted pottery items,10/4/2024 11:37,402,1,483,10/4/2024 11:37,Reliable tools and equipment for professionals and DIYers crafted with care.,1,0,Music Production
458,1,NovaTools,0,Delicious gluten-free foods.,366,484,1/25/2023 16:58,0,Earthy and deep with roasted coffee,Sustainable travel kits,1/25/2023 16:58,881,1,484,1/25/2023 16:58,Eco-friendly solutions for sustainable living designed for daily use.,1,0,Photography
459,1,VegaHome,0,Sustainable kitchenware.,187,485,2/13/2025 19:07,0,Sweet and juicy with watermelon slices,Delicious vegan desserts,2/13/2025 19:07,500,1,485,2/13/2025 19:07,Comprehensive home and lifestyle products for modern businesses.,1,0,Journalism
460,1,LunaCoffee,0,Luxury home textiles.,613,486,5/11/2024 14:25,0,Spicy and bold with black chili,Natural body scrubs,5/11/2024 14:25,236,1,486,5/11/2024 14:25,Innovative fashion and apparel for balanced life.,1,0,News & Magazines
461,1,OrionJuice,0,Natural and organic lip balms.,935,487,9/14/2023 5:38,0,Light and citrusy with mandarin orange,Premium ski equipment,9/14/2023 5:38,116,1,487,9/14/2023 5:38,Specialty innovative solutions for trendsetters.,1,0,Books
462,1,StellarBakery,0,High-quality bike accessories.,113,488,11/11/2025 22:43,0,Buttery and smooth with pastry dough,Designer leather goods,11/11/2025 22:43,982,1,488,11/11/2025 22:43,High-quality digital marketing sourced from trusted suppliers.,1,0,Comics
463,1,CosmoPets,0,Organic cleaning solutions.,443,489,3/21/2024 7:22,0,Juicy and tropical with passion fruit pulp,Healthy energy snacks,3/21/2024 7:22,210,1,489,3/21/2024 7:22,Leading provider of cutting-edge designs for modern businesses.,1,0,Graphic Novels
464,1,QuantumTech,0,Handcrafted wooden furniture.,405,490,8/20/2023 10:14,0,Smoky and intense with smoked brisket,Organic baby apparel,8/20/2023 10:14,853,1,490,8/20/2023 10:14,Premium unique offerings designed for daily use.,1,0,Fan Fiction
465,1,VertexFoods,0,Gourmet coffee subscriptions.,137,491,6/20/2025 20:16,0,Floral and delicate with jasmine aroma,Specialty espresso machines,6/20/2025 20:16,751,1,491,6/20/2025 20:16,Fun and educational fashion and apparel for children of all ages.,1,0,Fandom Communities
466,1,NimbusWear,0,Stylish travel backpacks.,193,492,12/8/2024 15:31,0,Tangy and spicy with black pepper,Quality running shoes,12/8/2024 15:31,795,1,492,12/8/2024 15:31,Creative solutions for home and lifestyle products to enhance productivity.,1,0,Social Networking
467,1,HelixDrinks,0,Natural body lotions.,138,493,4/10/2023 9:08,0,Creamy and sweet with vanilla pudding,Innovative smartphone cases,4/10/2023 9:08,364,1,493,4/10/2023 9:08,Advanced technology-driven services for smarter living.,1,0,Forums & Boards
468,1,PinnacleGoods,0,Specialized yoga equipment.,111,494,1/19/2025 17:45,0,Fresh and bright with baby lettuce,Comfortable athletic socks,1/19/2025 17:45,852,1,494,1/19/2025 17:45,Reliable tools and equipment for corporate efficiency.,1,0,Blogs & Vlogs
469,1,SummitMedia,0,Quality men's grooming products.,155,495,7/17/2024 13:40,0,Nutty and crunchy with pecan pieces,Natural lip care products,7/17/2024 13:40,766,1,495,7/17/2024 13:40,Health and wellness products for premium experiences that promote wellness.,1,0,Podcasts
470,1,ZenithFresh,0,Eco-friendly reusable products.,4,496,11/3/2023 6:26,0,Sharp and aromatic with anise seed,Gourmet spice collections,11/3/2023 6:26,936,1,496,11/3/2023 6:26,Cutting-edge technology for innovative solutions designed for daily use.,1,0,Streaming Services
471,1,HorizonCloth,0,Artisan bread and pastries.,810,497,3/15/2025 22:41,0,Earthy and robust with dried mushrooms,Outdoor camping supplies,3/15/2025 22:41,954,1,497,3/15/2025 22:41,Fun and educational digital marketing for children of all ages.,1,0,Online Communities
472,1,AuroraHealth,0,Healthy meal prep containers.,645,498,2/19/2024 8:14,0,Light and fruity with guava nectar,High-end fitness machines,2/19/2024 8:14,418,1,498,2/19/2024 8:14,Specialty innovative solutions sourced from trusted suppliers.,1,0,Crowdfunding
473,1,SierraElectronics,0,Luxury fashion accessories.,892,499,6/25/2023 12:53,0,Spicy and warm with cinnamon powder,Handmade jewelry collections,6/25/2023 12:53,166,1,499,6/25/2023 12:53,Innovative unique offerings to enhance productivity.,1,0,Charity & Nonprofit
474,1,TitanSnacks,0,Natural bath salts and scrubs.,571,500,8/6/2025 19:38,0,Sweet and rich with caramel sauce,Sustainable fashion lines,8/6/2025 19:38,417,1,500,8/6/2025 19:38,High-quality home and lifestyle products crafted with care.,1,0,Philanthropy
475,1,AtlasBeauty,0,Outdoor sports gear.,171,501,4/20/2024 6:24,0,Bold and smoky with mesquite flavor,Delicious gluten-free snacks,4/20/2024 6:24,124,1,501,4/20/2024 6:24,Creative solutions for balanced life for trendsetters.,1,0,Social Work
476,1,FusionSports,0,High-tech fitness machines.,291,502,10/7/2023 16:09,0,Tangy and fresh with lime juice,Natural skin care serums,10/7/2023 16:09,820,1,502,10/7/2023 16:09,Leading provider of fashion and apparel for modern businesses.,1,0,Environmental Organizations
477,1,PrimeToys,0,Designer kids' clothing.,152,503,5/21/2025 10:37,0,Creamy and smooth with yogurt cream,Premium outdoor furniture,5/21/2025 10:37,475,1,503,5/21/2025 10:37,Advanced technology-driven services designed for daily use.,1,0,Animal Welfare
478,1,NextTools,0,Organic essential oils.,549,504,1/14/2024 21:03,0,Fresh and crisp with romaine lettuce,Designer fashion jewelry,1/14/2024 21:03,586,1,504,1/14/2024 21:03,Eco-friendly solutions for cutting-edge designs to reduce environmental impact.,1,0,Human Rights
479,1,CoreHome,0,Personalized home decor.,896,505,7/17/2023 7:55,0,Nutty and smooth with peanut cream,Healthy protein shakes,7/17/2023 7:55,649,1,505,7/17/2023 7:55,Premium corporate efficiency crafted with care.,1,0,Disaster Relief
480,1,EpicCoffee,0,Creative cooking utensils.,82,506,9/12/2025 16:45,0,Sharp and pungent with mustard,Organic hair treatments,9/12/2025 16:45,584,1,506,9/12/2025 16:45,Reliable tools and equipment for innovative solutions.,1,0,Community Development
481,1,AlphaJuice,0,Premium loose-leaf teas.,556,507,6/20/2024 9:28,0,Earthy and sweet with baked sweet potato,Specialty cocktail mixers,6/20/2024 9:28,990,1,507,6/20/2024 9:28,Fun and educational home and lifestyle products for children of all ages.,1,0,Volunteer Services
482,1,BetaBakery,0,Innovative baby monitors.,971,508,2/25/2023 14:56,0,Sweet and floral with rose essence,Quality outdoor apparel,2/25/2023 14:56,384,1,508,2/25/2023 14:56,Creative solutions for digital marketing sourced from trusted suppliers.,1,0,Government & Politics
483,1,GammaPets,0,Comfortable maternity wear.,627,509,12/23/2025 5:37,0,Bright and citrusy with lemon peel,Innovative fitness tools,12/23/2025 5:37,348,1,509,12/23/2025 5:37,Health and wellness products for unique offerings that promote wellness.,1,0,Public Administration
484,1,DeltaTech,0,Natural pet nutrition products.,387,510,9/24/2024 20:01,0,Smooth and rich with honey glaze,Comfortable loungewear,9/24/2024 20:01,167,1,510,9/24/2024 20:01,High-quality innovative solutions for smarter living.,1,0,Policy Making
485,1,EpsilonFoods,0,Specialty cocktail mixers.,94,511,5/15/2023 11:23,0,Fruity and tart with cherry juice,Natural facial cleansers,5/15/2023 11:23,424,1,511,5/15/2023 11:23,Specialty corporate efficiency designed for daily use.,1,0,Law Enforcement
486,1,ZetaWear,0,Quality winter wear.,176,512,7/10/2025 22:16,0,Spicy and warm with allspice powder,Gourmet baking ingredients,7/10/2025 22:16,944,1,512,7/10/2025 22:16,Leading provider of fashion and apparel sourced from trusted suppliers.,1,0,Military & Defense
487,1,EtaDrinks,0,Organic herbal teas.,98,513,10/18/2024 18:24,0,Light and floral with lavender essence,Outdoor picnic sets,10/18/2024 18:24,135,1,513,10/18/2024 18:24,Creative solutions for technology-driven services for trendsetters.,1,0,International Relations
488,1,ThetaGoods,0,Fashion-forward jewelry.,440,514,1/11/2023 6:55,0,Sweet and creamy with panna cotta,High-quality sportswear,1/11/2023 6:55,723,1,514,1/11/2023 6:55,Fresh and organic produce for modern businesses.,1,0,Diplomacy
489,1,IotaMedia,0,Gourmet snack boxes.,962,515,2/28/2025 12:38,0,Bold and smoky with smoked paprika,Handcrafted wooden toys,2/28/2025 12:38,788,1,515,2/28/2025 12:38,Advanced technology-driven services for innovative solutions.,1,0,Public Safety
490,1,KappaFresh,0,Outdoor garden furniture.,673,516,5/13/2024 20:45,0,Tangy and fresh with lime zest,Sustainable home goods,5/13/2024 20:45,722,1,516,5/13/2024 20:45,Comprehensive home and lifestyle products to enhance productivity.,1,0,Civil Services
491,1,LambdaCloth,0,High-end tech accessories.,505,517,9/8/2023 14:28,0,Creamy and soft with mascarpone cheese,Delicious organic snacks,9/8/2023 14:28,242,1,517,9/8/2023 14:28,Fun and educational unique offerings for children of all ages.,1,0,Elections
492,1,MuHealth,0,Handmade leather goods.,706,518,11/27/2025 7:22,0,Fresh and crisp with green apple slices,Natural bath salts,11/27/2025 7:22,200,1,518,11/27/2025 7:22,Eco-friendly solutions for fashion and apparel to reduce environmental impact.,1,0,Legislation
493,1,NuElectronics,0,Sustainable footwear brands.,93,519,3/4/2024 18:37,0,Nutty and rich with almond paste,Premium workout gear,3/4/2024 18:37,125,1,519,3/4/2024 18:37,High-quality corporate efficiency crafted with care.,1,0,Judiciary
494,1,XiSnacks,0,Delicious plant-based foods.,379,520,8/22/2023 13:17,0,Sharp and pungent with horseradish sauce,Designer sunglasses,8/22/2023 13:17,325,1,520,8/22/2023 13:17,Reliable tools and equipment for smarter living.,1,0,Urban Planning
495,1,OmicronBeauty,0,Natural hair styling products.,650,521,6/23/2025 9:04,0,Earthy and deep with roasted beets,Healthy hydration products,6/23/2025 9:04,506,1,521,6/23/2025 9:04,Specialty cutting-edge designs for trendsetters.,1,0,Infrastructure
496,1,PiSports,0,Premium outdoor grills.,632,522,12/9/2024 21:26,0,Sweet and juicy with ripe mango,Organic face masks,12/9/2024 21:26,139,1,522,12/9/2024 21:26,Health and wellness products for digital marketing that promote wellness.,1,0,Transportation Planning
497,1,RhoToys,0,Designer watches and accessories.,245,523,4/19/2023 5:42,0,Spicy and bold with chili powder,Specialty tea blends,4/19/2023 5:42,902,1,523,4/19/2023 5:42,Creative solutions for home and lifestyle products designed for daily use.,1,0,Public Utilities
498,1,SigmaTools,0,Healthy juice cleanses.,577,524,1/2/2025 14:16,0,Light and citrusy with orange zest,Quality hiking clothes,1/2/2025 14:16,448,1,524,1/2/2025 14:16,Leading provider of premium experiences for modern businesses.,1,0,Water Supply
499,1,TauHome,0,Organic skincare tools.,381,525,7/22/2024 11:54,0,Buttery and smooth with shortbread crust,Innovative smart devices,7/22/2024 11:54,491,1,525,7/22/2024 11:54,Fun and educational children of all ages for innovative solutions.,1,0,Wastewater Management
500,1,UpsilonCoffee,0,Specialty cooking appliances.,835,526,11/10/2023 19:38,0,Juicy and tropical with papaya puree,Comfortable sports bras,11/10/2023 19:38,950,1,526,11/10/2023 19:38,Premium home and lifestyle products for balanced life.,1,0,Energy Supply
501,1,PhiJuice,0,Comfortable sleepwear.,725,527,3/3/2025 15:02,0,Smoky and intense with smoked ham,Natural lip scrubs,3/3/2025 15:02,498,1,527,3/3/2025 15:02,Advanced technology-driven services for home and lifestyle products.,1,0,Telecommunications Infrastructure
502,1,ChiBakery,0,Natural makeup collections.,573,528,2/15/2024 6:31,0,Floral and delicate with rose petals,Gourmet cooking spices,2/15/2024 6:31,998,1,528,2/15/2024 6:31,Comprehensive corporate efficiency designed for daily use.,1,0,Disaster Management
503,1,PsiPets,0,High-quality hiking boots.,392,529,6/6/2023 18:45,0,Tangy and spicy with chipotle peppers,Outdoor adventure equipment,6/6/2023 18:45,5,1,529,6/6/2023 18:45,High-quality unique offerings sourced from trusted suppliers.,1,0,Emergency Services
504,1,OmegaTech,0,Innovative home cleaning devices.,446,530,8/20/2025 12:54,0,Creamy and sweet with vanilla custard,High-end fitness trackers,8/20/2025 12:54,479,1,530,8/20/2025 12:54,Innovative fashion and apparel for trendsetters.,1,0,Healthcare
505,1,ApexFoods,0,Creative art supplies.,620,531,4/4/2024 22:15,0,Fresh and bright with baby spinach,Handmade jewelry boxes,4/4/2024 22:15,433,1,531,4/4/2024 22:15,Specialty innovative solutions for smarter living.,1,0,Hospitals
506,1,NovaWear,0,Gourmet cooking classes.,797,532,10/29/2023 8:49,0,Nutty and crunchy with toasted almonds,Sustainable fashion accessories,10/29/2023 8:49,837,1,532,10/29/2023 8:49,Reliable tools and equipment for home and lifestyle products.,1,0,Clinics
507,1,VegaDrinks,0,Natural wellness retreats.,296,533,5/6/2025 17:32,0,Sharp and aromatic with cumin seeds,Delicious gluten-free treats,5/6/2025 17:32,845,1,533,5/6/2025 17:32,Creative solutions for digital marketing to enhance productivity.,1,0,Pharmacies
508,1,LunaGoods,0,Luxury home fragrances.,63,534,1/5/2024 7:58,0,Earthy and robust with black truffle,Natural skin serums,1/5/2024 7:58,451,1,534,1/5/2024 7:58,Eco-friendly solutions for innovative solutions to reduce environmental impact.,1,0,Medical Devices
509,1,OrionMedia,0,Organic garden fertilizers.,707,535,7/25/2023 15:40,0,Light and fruity with pomegranate seeds,Premium outdoor lighting,7/25/2023 15:40,299,1,535,7/25/2023 15:40,Health and wellness products for cutting-edge designs that promote wellness.,1,0,Healthcare IT
510,1,StellarFresh,0,Fitness coaching and apps.,554,536,9/15/2025 9:03,0,Spicy and warm with cardamom pods,Designer handbags,9/15/2025 9:03,169,1,536,9/15/2025 9:03,Fun and educational home and lifestyle products for children of all ages.,1,0,Telemedicine
511,1,CosmoCloth,0,Handcrafted pottery.,687,537,6/21/2024 20:45,0,Sweet and rich with toffee sauce,Healthy meal replacements,6/21/2024 20:45,109,1,537,6/21/2024 20:45,Leading provider of innovative solutions for trendsetters.,1,0,Mental Health Services
512,1,QuantumHealth,0,Stylish swimwear.,299,538,2/1/2023 13:11,0,Bold and smoky with mesquite charcoal,Organic baby care,2/1/2023 13:11,879,1,538,2/1/2023 13:11,Premium corporate efficiency crafted with care.,1,0,Dental Care
513,1,VertexElectronics,0,Delicious artisan cheeses.,303,539,12/6/2025 18:59,0,Tangy and fresh with lemon juice,Specialty coffee roasters,12/6/2025 18:59,952,1,539,12/6/2025 18:59,Advanced technology-driven services for digital marketing.,1,0,Vision Care
514,1,NimbusSnacks,0,Natural deodorants.,495,540,9/11/2024 8:34,0,Creamy and smooth with ricotta cheese,Quality running gear,9/11/2024 8:34,323,1,540,9/11/2024 8:34,Creative solutions for fashion and apparel designed for daily use.,1,0,Alternative Medicine
515,1,HelixBeauty,0,Premium cycling gear.,689,541,5/29/2023 22:49,0,Fresh and crisp with iceberg lettuce,Innovative wireless chargers,5/29/2023 22:49,335,1,541,5/29/2023 22:49,High-quality home and lifestyle products for modern businesses.,1,0,Pharmaceuticals
516,1,PinnacleSports,0,Designer fragrance collections.,47,542,7/4/2025 13:26,0,Nutty and smooth with cashew butter,Comfortable yoga pants,7/4/2025 13:26,426,1,542,7/4/2025 13:26,Innovative unique offerings sourced from trusted suppliers.,1,0,Health Insurance
517,1,SummitToys,0,Healthy pet snacks.,424,543,10/19/2024 6:11,0,Sharp and pungent with radish sprouts,Natural hair oils,10/19/2024 6:11,832,1,543,10/19/2024 6:11,Reliable tools and equipment for corporate efficiency.,1,0,Fitness & Wellness
518,1,ZenithTools,0,Organic cotton clothing.,701,544,1/19/2023 21:15,0,Earthy and sweet with roasted garlic,Gourmet cheese boards,1/19/2023 21:15,218,1,544,1/19/2023 21:15,Specialty premium experiences for trendsetters.,1,0,Nutrition
519,1,HorizonHome,0,Specialty baking ingredients.,517,545,2/9/2025 17:48,0,Sweet and floral with rose water,Outdoor travel gear,2/9/2025 17:48,983,1,545,2/9/2025 17:48,Health and wellness products for smarter living.,1,0,Personal Training
520,1,AuroraCoffee,0,Quality yoga mats.,660,546,5/24/2024 10:36,0,Bright and citrusy with lemon peel,High-end audio headphones,5/24/2024 10:36,886,1,546,5/24/2024 10:36,Fun and educational children of all ages for balanced life.,1,0,Yoga & Meditation
521,1,SierraJuice,0,Innovative smartwatches.,691,547,9/16/2023 8:24,0,Smooth and rich with honey,Handmade home decor,9/16/2023 8:24,350,1,547,9/16/2023 8:24,Creative solutions for home and lifestyle products to enhance productivity.,1,0,Weight Management
522,1,TitanBakery,0,Comfortable athletic socks.,33,548,11/4/2025 20:19,0,Fruity and tart with black cherry,Sustainable gardening tools,11/4/2025 20:19,728,1,548,11/4/2025 20:19,Leading provider of cutting-edge designs for modern businesses.,1,0,Rehabilitation
523,1,AtlasPets,0,Natural teeth whitening products.,46,549,3/12/2024 15:44,0,Spicy and warm with clove buds,Delicious organic teas,3/12/2024 15:44,10,1,549,3/12/2024 15:44,Premium home and lifestyle products for innovative solutions.,1,0,Sports Medicine
524,1,FusionTech,0,Gourmet chocolate truffles.,562,550,8/12/2023 6:28,0,Light and floral with violet syrup,Natural bath bombs,8/12/2023 6:28,697,1,550,8/12/2023 6:28,Advanced technology-driven services designed for daily use.,1,0,Occupational Health
525,1,PrimeFoods,0,Outdoor hiking backpacks.,289,551,6/15/2025 18:42,0,Sweet and creamy with vanilla ice cream,Premium workout gear,6/15/2025 18:42,854,1,551,6/15/2025 18:42,Fun and educational unique offerings for children of all ages.,1,0,Childcare
526,1,NextWear,0,High-end sound systems.,977,552,12/1/2024 11:53,0,Bold and smoky with smoked cheddar,Designer men's shoes,12/1/2024 11:53,494,1,552,12/1/2024 11:53,Eco-friendly solutions for corporate efficiency to reduce environmental impact.,1,0,Daycare Centers
527,1,CoreDrinks,0,Handmade ceramic tableware.,694,553,4/14/2023 21:12,0,Tangy and fresh with pomegranate seeds,Healthy snack mixes,4/14/2023 21:12,525,1,553,4/14/2023 21:12,High-quality digital marketing crafted with care.,1,0,Preschools
528,1,EpicGoods,0,Sustainable travel gear.,72,554,1/11/2025 9:20,0,Creamy and soft with mascarpone cream,Organic skincare kits,1/11/2025 9:20,574,1,554,1/11/2025 9:20,Reliable tools and equipment for trendsetters.,1,0,After-school Programs
529,1,AlphaMedia,0,Delicious vegan desserts.,787,555,7/13/2024 16:34,0,Fresh and crisp with cucumber ribbons,Specialty baking tools,7/13/2024 16:34,595,1,555,7/13/2024 16:34,Specialty innovative solutions for fashion and apparel.,1,0,Tutoring
530,1,BetaFresh,0,Natural body oils.,976,556,11/29/2023 12:41,0,Nutty and rich with pecan nuts,Quality yoga blocks,11/29/2023 12:41,894,1,556,11/29/2023 12:41,Health and wellness products for home and lifestyle products that promote wellness.,1,0,Special Needs Services
531,1,GammaCloth,0,Premium ski equipment.,507,557,3/2/2025 7:29,0,Sharp and pungent with chili flakes,Innovative smart lighting,3/2/2025 7:29,22,1,557,3/2/2025 7:29,Creative solutions for premium experiences for trendsetters.,1,0,Parenting Support
532,1,DeltaHealth,0,Designer leather belts.,162,558,2/28/2024 21:17,0,Earthy and deep with black pepper,Comfortable winter jackets,2/28/2024 21:17,214,1,558,2/28/2024 21:17,Leading provider of innovative solutions for smarter living.,1,0,Senior Care
533,1,EpsilonElectronics,0,Healthy snack bars.,565,559,6/10/2023 13:55,0,Sweet and juicy with plum,Natural beard oils,6/10/2023 13:55,871,1,559,6/10/2023 13:55,Fun and educational children of all ages for modern businesses.,1,0,Assisted Living
534,1,ZetaSnacks,0,Organic baby clothing.,84,560,8/4/2025 10:03,0,Spicy and bold with cayenne pepper,Gourmet dessert toppings,8/4/2025 10:03,249,1,560,8/4/2025 10:03,Premium corporate efficiency sourced from trusted suppliers.,1,0,Home Care
535,1,EtaBeauty,0,Specialty coffee machines.,174,561,4/23/2024 19:24,0,Light and citrusy with orange zest,Outdoor fishing accessories,4/23/2024 19:24,880,1,561,4/23/2024 19:24,Advanced technology-driven services for unique offerings.,1,0,Geriatric Services
536,1,ThetaSports,0,Quality running shoes.,653,562,10/11/2023 5:34,0,Buttery and smooth with croissant layers,High-quality hiking gear,10/11/2023 5:34,993,1,562,10/11/2023 5:34,Comprehensive home and lifestyle products designed for daily use.,1,0,End-of-Life Care
537,1,IotaToys,0,Innovative wireless chargers.,817,563,5/25/2025 15:41,0,Juicy and tropical with pineapple chunks,Handcrafted pottery bowls,5/25/2025 15:41,767,1,563,5/25/2025 15:41,High-quality cutting-edge designs for trendsetters.,1,0,Hospice
538,1,KappaTools,0,Comfortable casual wear.,567,564,1/16/2024 7:50,0,Smoky and intense with smoked trout,Sustainable travel accessories,1/16/2024 7:50,514,1,564,1/16/2024 7:50,Innovative fashion and apparel for digital marketing.,1,0,Community Health
539,1,LambdaHome,0,Natural beard care products.,738,565,7/6/2023 22:05,0,Floral and delicate with elderflower petals,Delicious vegan snacks,7/6/2023 22:05,602,1,565,7/6/2023 22:05,Specialty unique offerings for balanced life.,1,0,Public Health
540,1,MuCoffee,0,Gourmet spice blends.,594,566,9/14/2025 20:29,0,Tangy and spicy with ginger root,Natural body scrubs,9/14/2025 20:29,92,1,566,9/14/2025 20:29,Reliable tools and equipment for home and lifestyle products.,1,0,Epidemiology
541,1,NuJuice,0,Outdoor camping tents.,17,567,6/17/2024 14:16,0,Creamy and sweet with custard,Premium ski apparel,6/17/2024 14:16,430,1,567,6/17/2024 14:16,Creative solutions for innovative solutions to enhance productivity.,1,0,Health Education
542,1,XiBakery,0,High-quality fishing gear.,846,568,2/10/2023 11:28,0,Fresh and bright with kale,Designer leather shoes,2/10/2023 11:28,100,1,568,2/10/2023 11:28,Eco-friendly solutions for smarter living to reduce environmental impact.,1,0,Health Policy
543,1,OmicronPets,0,Handcrafted wooden toys.,132,569,12/21/2025 8:38,0,Nutty and crunchy with toasted walnuts,Healthy energy bars,12/21/2025 8:38,156,1,569,12/21/2025 8:38,Health and wellness products for premium experiences that promote wellness.,1,0,Global Health
544,1,PiTech,0,Sustainable home goods.,926,570,9/15/2024 16:09,0,Sharp and aromatic with black cardamom,Organic baby toys,9/15/2024 16:09,582,1,570,9/15/2024 16:09,Fun and educational home and lifestyle products for children of all ages.,1,0,Biomedical Research
545,1,RhoFoods,0,Delicious organic jams.,124,571,5/19/2023 6:53,0,Earthy and robust with porcini powder,Specialty espresso machines,5/19/2023 6:53,330,1,571,5/19/2023 6:53,Leading provider of digital marketing for modern businesses.,1,0,Clinical Trials
546,1,SigmaWear,0,Natural bath oils.,907,572,7/15/2025 22:19,0,Light and fruity with passion fruit pulp,Quality running gear,7/15/2025 22:19,326,1,572,7/15/2025 22:19,Advanced technology-driven services for corporate efficiency.,1,0,Genetics
547,1,TauDrinks,0,Premium fitness supplements.,442,573,10/13/2024 12:47,0,Spicy and warm with mace,Innovative smartphone accessories,10/13/2024 12:47,605,1,573,10/13/2024 12:47,Premium home and lifestyle products for innovative solutions.,1,0,Biotechnology
548,1,UpsilonGoods,0,Designer sunglasses and eyewear.,16,574,1/12/2023 5:35,0,Sweet and rich with butterscotch syrup,Comfortable athletic wear,1/12/2023 5:35,198,1,574,1/12/2023 5:35,Fun and educational children of all ages for balanced life.,1,0,Pharmacology
549,1,PhiMedia,0,Healthy hydration products.,163,575,2/4/2025 21:32,0,Bold and smoky with hickory chips,Natural lip balms,2/4/2025 21:32,197,1,575,2/4/2025 21:32,Creative solutions for cutting-edge designs designed for daily use.,1,0,Neuroscience
550,1,ChiFresh,0,Organic face masks.,871,576,5/20/2024 14:29,0,Tangy and fresh with lemon zest,Gourmet spice racks,5/20/2024 14:29,975,1,576,5/20/2024 14:29,High-quality home and lifestyle products sourced from trusted suppliers.,1,0,Immunology
551,1,PsiCloth,0,Specialty tea blends.,708,577,9/4/2023 10:27,0,Creamy and smooth with cream cheese filling,Outdoor camping gear,9/4/2023 10:27,509,1,577,9/4/2023 10:27,Specialty fashion and apparel for trendsetters.,1,0,Oncology
552,1,OmegaHealth,0,Quality hiking apparel.,5,578,11/9/2025 18:55,0,Fresh and crisp with romaine hearts,High-end fitness apparel,11/9/2025 18:55,521,1,578,11/9/2025 18:55,Reliable tools and equipment for smarter living.,1,0,Cardiology
553,1,ApexElectronics,0,Innovative smart home hubs.,534,579,3/17/2024 7:46,0,Nutty and smooth with almond paste,Handmade jewelry pieces,3/17/2024 7:46,680,1,579,3/17/2024 7:46,Fun and educational home and lifestyle products for children of all ages.,1,0,Pediatrics
554,1,NovaSnacks,0,Comfortable sports bras.,36,580,8/21/2023 12:59,0,Sharp and pungent with jalapeño,Sustainable fashion lines,8/21/2023 12:59,463,1,580,8/21/2023 12:59,Creative solutions for innovative solutions to enhance productivity.,1,0,Surgery
555,1,VegaBeauty,0,Natural lip scrubs.,388,581,6/5/2025 15:18,0,Earthy and sweet with roasted pumpkin,Delicious gluten-free meals,6/5/2025 15:18,987,1,581,6/5/2025 15:18,Health and wellness products for premium experiences that promote wellness.,1,0,Emergency Medicine
556,1,LunaSports,0,Gourmet cooking spices.,986,582,12/13/2024 9:35,0,Sweet and floral with honeysuckle,Natural skin toners,12/13/2024 9:35,781,1,582,12/13/2024 9:35,Leading provider of corporate efficiency for modern businesses.,1,0,Anesthesiology
557,1,OrionToys,0,Outdoor adventure backpacks.,759,583,4/2/2023 21:05,0,Bright and citrusy with lime zest,Premium outdoor lighting,4/2/2023 21:05,191,1,583,4/2/2023 21:05,Specialty innovative solutions for home and lifestyle products.,1,0,Radiology
558,1,StellarTools,0,High-end fitness trackers.,256,584,1/5/2025 17:10,0,Smooth and rich with vanilla glaze,Designer fashion scarves,1/5/2025 17:10,760,1,584,1/5/2025 17:10,High-quality fashion and apparel for balanced life.,1,0,Pathology
559,1,CosmoHome,0,Handmade jewelry boxes.,226,585,7/20/2024 11:42,0,Fruity and tart with cranberry juice,Healthy protein bars,7/20/2024 11:42,696,1,585,7/20/2024 11:42,Fun and educational children of all ages for innovative solutions.,1,0,Dentistry
560,1,QuantumCoffee,0,Sustainable fashion accessories.,903,586,11/4/2023 16:09,0,Spicy and warm with nutmeg powder,Organic hair care kits,11/4/2023 16:09,438,1,586,11/4/2023 16:09,Creative solutions for digital marketing sourced from trusted suppliers.,1,0,Ophthalmology
561,1,VertexJuice,0,Delicious gluten-free snacks.,555,587,3/12/2025 19:48,0,Light and floral with rose hip,Specialty cocktail glasses,3/12/2025 19:48,360,1,587,3/12/2025 19:48,Premium home and lifestyle products designed for daily use.,1,0,Veterinary Medicine
562,1,NimbusBakery,0,Natural skin serums.,274,588,2/13/2024 9:27,0,Sweet and creamy with clotted cream,Quality outdoor shoes,2/13/2024 9:27,643,1,588,2/13/2024 9:27,Advanced technology-driven services for cutting-edge designs.,1,0,Animal Health
563,1,HelixPets,0,Premium outdoor furniture.,981,589,6/28/2023 22:41,0,Bold and smoky with smoked sausage,Innovative fitness trackers,6/28/2023 22:41,290,1,589,6/28/2023 22:41,Reliable tools and equipment for unique offerings.,1,0,Pet Care
564,1,PinnacleTech,0,Designer handbags and clutches.,842,590,8/22/2025 7:32,0,Tangy and fresh with lime wedges,Comfortable sleepwear sets,8/22/2025 7:32,593,1,590,8/22/2025 7:32,Fun and educational home and lifestyle products for children of all ages.,1,0,Livestock Health
565,1,SummitFoods,0,Healthy protein powders.,703,591,4/24/2024 13:04,0,Creamy and soft with cream cheese frosting,Natural facial moisturizers,4/24/2024 13:04,899,1,591,4/24/2024 13:04,Creative solutions for corporate efficiency to enhance productivity.,1,0,Wildlife Health
566,1,ZenithWear,0,Organic hair masks.,909,592,10/25/2023 6:39,0,Fresh and crisp with iceberg wedges,Gourmet baking tools,10/25/2023 6:39,492,1,592,10/25/2023 6:39,Health and wellness products for smarter living.,1,0,Animal Nutrition
567,1,HorizonDrinks,0,Specialty cocktail kits.,56,593,5/19/2025 18:04,0,Nutty and rich with pine nuts,Outdoor picnic gear,5/19/2025 18:04,892,1,593,5/19/2025 18:04,Leading provider of premium experiences for trendsetters.,1,0,Zoo Management
568,1,AuroraGoods,0,Quality outdoor gear.,972,594,1/11/2024 21:22,0,Sharp and pungent with green chili,High-quality sports equipment,1/11/2024 21:22,366,1,594,1/11/2024 21:22,Specialty innovative solutions for modern businesses.,1,0,Aquaculture
569,1,SierraMedia,0,Innovative fitness equipment.,271,595,7/9/2023 14:16,0,Earthy and deep with roasted coffee,Handcrafted wooden furniture,7/9/2023 14:16,423,1,595,7/9/2023 14:16,High-quality home and lifestyle products crafted with care.,1,0,Marine Biology
570,1,TitanFresh,0,Comfortable loungewear.,946,596,9/17/2025 8:05,0,Sweet and juicy with watermelon slices,Sustainable home decor,9/17/2025 8:05,989,1,596,9/17/2025 8:05,Fun and educational children of all ages for home and lifestyle products.,1,0,Environmental Science
571,1,AtlasCloth,0,Natural facial cleansers.,679,597,6/10/2024 19:34,0,Spicy and bold with black chili,Delicious organic snacks,6/10/2024 19:34,959,1,597,6/10/2024 19:34,Creative solutions for fashion and apparel designed for daily use.,1,0,Climate Science
572,1,FusionHealth,0,Gourmet baking mixes.,399,598,2/24/2023 13:28,0,Light and citrusy with mandarin orange,Natural bath salts,2/24/2023 13:28,690,1,598,2/24/2023 13:28,Premium home and lifestyle products for innovative solutions.,1,0,Geology
573,1,PrimeElectronics,0,Outdoor picnic accessories.,643,599,12/3/2025 5:07,0,Buttery and smooth with pastry dough,Premium workout supplements,12/3/2025 5:07,24,1,599,12/3/2025 5:07,Advanced technology-driven services for digital marketing.,1,0,Meteorology
574,1,NextSnacks,0,High-quality sports watches.,606,600,9/8/2024 20:26,0,Juicy and tropical with passion fruit pulp,Designer sunglasses cases,9/8/2024 20:26,217,1,600,9/8/2024 20:26,Reliable tools and equipment for unique offerings.,1,0,Oceanography
575,1,CoreBeauty,0,Handcrafted leather wallets.,867,601,5/23/2023 11:50,0,Smoky and intense with smoked brisket,Healthy hydration drinks,5/23/2023 11:50,331,1,601,5/23/2023 11:50,Fun and educational home and lifestyle products for children of all ages.,1,0,Ecology
576,1,EpicSports,0,Sustainable kitchen utensils.,250,602,7/18/2025 7:15,0,Floral and delicate with jasmine aroma,Organic face creams,7/18/2025 7:15,132,1,602,7/18/2025 7:15,Creative solutions for cutting-edge designs to enhance productivity.,1,0,Conservation Biology
577,1,AlphaToys,0,Delicious plant-based meals.,920,603,10/26/2024 14:54,0,Tangy and spicy with black pepper,Specialty tea infusers,10/26/2024 14:54,439,1,603,10/26/2024 14:54,Health and wellness products for premium experiences that promote wellness.,1,0,Forestry
578,1,BetaTools,0,Natural sunscreen lotions.,839,604,1/6/2023 16:37,0,Creamy and sweet with vanilla pudding,Quality hiking shoes,1/6/2023 16:37,614,1,604,1/6/2023 16:37,Leading provider of innovative solutions for trendsetters.,1,0,Agronomy
579,1,GammaHome,0,Premium cycling helmets.,880,605,2/16/2025 19:43,0,Fresh and bright with baby lettuce,Innovative smart appliances,2/16/2025 19:43,142,1,605,2/16/2025 19:43,Specialty fashion and apparel for smarter living.,1,0,Soil Science
580,1,DeltaCoffee,0,Designer fashion jewelry.,784,606,5/14/2024 8:22,0,Nutty and crunchy with pecan pieces,Comfortable sports clothing,5/14/2024 8:22,74,1,606,5/14/2024 8:22,High-quality corporate efficiency sourced from trusted suppliers.,1,0,Hydrology
581,1,EpsilonJuice,0,Healthy meal replacement shakes.,833,607,9/12/2023 13:47,0,Sharp and aromatic with anise seed,Natural lipsticks,9/12/2023 13:47,938,1,607,9/12/2023 13:47,Fun and educational children of all ages for home and lifestyle products.,1,0,Environmental Engineering
582,1,ZetaBakery,0,Organic baby care sets.,629,608,11/13/2025 22:36,0,Earthy and robust with dried mushrooms,Gourmet cooking oils,11/13/2025 22:36,255,1,608,11/13/2025 22:36,Creative solutions for home and lifestyle products designed for daily use.,1,0,Waste Management
583,1,EtaPets,0,Specialty coffee roasters.,959,609,3/6/2024 7:50,0,Light and fruity with guava nectar,Outdoor adventure gear,3/6/2024 7:50,211,1,609,3/6/2024 7:50,Premium home and lifestyle products for balanced life.,1,0,Renewable Energy
584,1,ThetaTech,0,Quality running apparel.,42,610,8/18/2023 18:02,0,Spicy and warm with cinnamon powder,High-end sound equipment,8/18/2023 18:02,62,1,610,8/18/2023 18:02,Advanced technology-driven services for innovative solutions.,1,0,Sustainability
585,1,IotaFoods,0,Innovative wireless earbuds.,282,611,6/26/2025 10:44,0,Sweet and rich with caramel sauce,Handmade ceramic mugs,6/26/2025 10:44,369,1,611,6/26/2025 10:44,Reliable tools and equipment for corporate efficiency.,1,0,Green Technology
586,1,KappaWear,0,Comfortable yoga pants.,600,612,12/7/2024 14:56,0,Bold and smoky with mesquite flavor,Sustainable fashion brands,12/7/2024 14:56,508,1,612,12/7/2024 14:56,Fun and educational home and lifestyle products for children of all ages.,1,0,Clean Technology
587,1,LambdaDrinks,0,Natural hair oils.,179,613,4/21/2023 5:38,0,Tangy and fresh with lime juice,Delicious vegan meals,4/21/2023 5:38,744,1,613,4/21/2023 5:38,Creative solutions for digital marketing to enhance productivity.,1,0,Environmental Policy
588,1,MuGoods,0,Gourmet cheese boards.,373,614,1/23/2025 13:11,0,Creamy and smooth with yogurt cream,Natural body lotions,1/23/2025 13:11,407,1,614,1/23/2025 13:11,Health and wellness products for cutting-edge designs that promote wellness.,1,0,Urban Ecology
589,1,NuMedia,0,Outdoor travel gear.,425,615,7/10/2024 19:28,0,Fresh and crisp with romaine lettuce,Premium ski gear,7/10/2024 19:28,361,1,615,7/10/2024 19:28,Leading provider of unique offerings for modern businesses.,1,0,Transportation Ecology
590,1,XiFresh,0,High-end audio headphones.,834,616,11/1/2023 10:47,0,Nutty and smooth with peanut cream,Designer leather bags,11/1/2023 10:47,273,1,616,11/1/2023 10:47,Specialty innovative solutions designed for daily use.,1,0,Energy Conservation
591,1,OmicronCloth,0,Handmade home decor.,985,617,3/10/2025 15:22,0,Sharp and pungent with mustard,Healthy snack packs,3/10/2025 15:22,435,1,617,3/10/2025 15:22,High-quality fashion and apparel for trendsetters.,1,0,Water Conservation
592,1,PiHealth,0,Sustainable gardening tools.,253,618,2/20/2024 6:36,0,Earthy and sweet with baked sweet potato,Organic baby products,2/20/2024 6:36,771,1,618,2/20/2024 6:36,Fun and educational children of all ages for innovative solutions.,1,0,Air Quality Management
593,1,RhoElectronics,0,Delicious organic teas.,258,619,6/13/2023 18:41,0,Sweet and floral with rose essence,Specialty coffee blends,6/13/2023 18:41,432,1,619,6/13/2023 18:41,Creative solutions for premium experiences to enhance productivity.,1,0,Noise Pollution Control
594,1,SigmaSnacks,0,Natural bath bombs.,153,620,8/7/2025 12:48,0,Bright and citrusy with lemon peel,Quality running accessories,8/7/2025 12:48,85,1,620,8/7/2025 12:48,Premium home and lifestyle products for smarter living.,1,0,Hazardous Waste Management
595,1,TauBeauty,0,Premium workout gear.,127,621,4/6/2024 20:29,0,Smooth and rich with honey glaze,Innovative wireless headphones,4/6/2024 20:29,699,1,621,4/6/2024 20:29,Advanced technology-driven services for corporate efficiency.,1,0,Toxicology
596,1,UpsilonSports,0,Designer men's shoes.,139,622,10/17/2023 7:54,0,Fruity and tart with cherry juice,Comfortable yoga tops,10/17/2023 7:54,14,1,622,10/17/2023 7:54,Reliable tools and equipment for unique offerings.,1,0,Risk Assessment
597,1,PhiToys,0,Healthy snack mixes.,602,623,5/30/2025 17:10,0,Spicy and warm with allspice powder,Natural hair conditioners,5/30/2025 17:10,194,1,623,5/30/2025 17:10,Fun and educational home and lifestyle products for children of all ages.,1,0,Environmental Monitoring
598,1,ChiTools,0,Organic skincare kits.,431,624,1/9/2024 11:22,0,Light and floral with lavender essence,Gourmet cheese assortments,1/9/2024 11:22,805,1,624,1/9/2024 11:22,Creative solutions for cutting-edge designs designed for daily use.,1,0,Disaster Preparedness
599,1,PsiHome,0,Specialty baking tools.,457,625,7/15/2023 20:05,0,Sweet and creamy with panna cotta,Outdoor travel backpacks,7/15/2023 20:05,615,1,625,7/15/2023 20:05,Health and wellness products for innovative solutions that promote wellness.,1,0,Community Resilience
600,1,OmegaCoffee,0,Quality yoga blocks.,731,626,9/11/2025 14:53,0,Bold and smoky with smoked paprika,High-end audio systems,9/11/2025 14:53,911,1,626,9/11/2025 14:53,Leading provider of corporate efficiency for trendsetters.,1,0,Climate Adaptation
601,1,ApexJuice,0,Innovative smart lighting.,472,627,9/10/2023 5:08,0,Tangy and fresh with lime zest,Handmade home accessories,9/10/2023 5:08,18,1,627,7/14/2023 7:54,Specialty fashion and apparel sourced from trusted suppliers.,1,0,Sustainable Development
602,1,NovaBakery,0,Comfortable winter jackets.,779,628,3/12/2025 22:43,0,Creamy and soft with mascarpone cheese,Sustainable gardening supplies,3/12/2025 22:43,763,1,628,9/19/2025 16:25,High-quality home and lifestyle products crafted with care.,1,0,Global Warming
603,1,VegaPets,0,Natural beard oils.,80,629,12/8/2024 13:27,0,Fresh and crisp with green apple slices,Delicious organic beverages,12/8/2024 13:27,160,1,629,6/14/2024 8:34,Fun and educational children of all ages for home and lifestyle products.,1,0,Carbon Management
604,1,LunaTech,0,Gourmet dessert toppings.,54,630,7/18/2023 18:17,0,Nutty and rich with almond paste,Natural bath oils,7/18/2023 18:17,2,1,630,2/9/2023 13:27,Creative solutions for digital marketing designed for daily use.,1,0,Ecosystem Services
605,1,OrionFoods,0,Outdoor fishing accessories.,333,631,4/21/2024 6:58,0,Sharp and pungent with horseradish sauce,Premium workout clothing,4/21/2024 6:58,745,1,631,12/23/2025 5:58,Premium home and lifestyle products for innovative solutions.,1,0,Biodiversity
606,1,StellarWear,0,High-quality hiking gear.,658,632,11/28/2025 9:12,0,Earthy and deep with roasted beets,Designer men's accessories,11/28/2025 9:12,632,1,632,9/26/2024 18:44,Advanced technology-driven services for smarter living.,1,0,Endangered Species
607,1,CosmoDrinks,0,Handcrafted pottery bowls.,308,633,10/15/2023 14:36,0,Sweet and juicy with ripe mango,Healthy snack options,10/15/2023 14:36,387,1,633,5/12/2023 21:21,Reliable tools and equipment for premium experiences.,1,0,Wildlife Management
608,1,QuantumGoods,0,Sustainable travel accessories.,928,634,6/3/2024 23:48,0,Spicy and bold with chili powder,Organic skincare products,6/3/2024 23:48,580,1,634,7/11/2025 7:39,Fun and educational home and lifestyle products for children of all ages.,1,0,Environmental Education
609,1,VertexMedia,0,Delicious vegan snacks.,568,635,2/22/2025 7:29,0,Light and citrusy with orange zest,Specialty baking sets,2/22/2025 7:29,742,1,635,10/25/2024 14:58,Creative solutions for corporate efficiency to enhance productivity.,1,0,Citizen Science
610,1,NimbusFresh,0,Natural body scrubs.,911,636,1/9/2024 19:03,0,Buttery and smooth with shortbread crust,Quality yoga gear,1/9/2024 19:03,535,1,636,1/11/2023 6:48,Health and wellness products for balanced life.,1,0,Environmental Advocacy
611,1,HelixCloth,0,Premium ski apparel.,639,637,5/31/2023 10:25,0,Juicy and tropical with papaya puree,Innovative smart gadgets,5/31/2023 10:25,597,1,637,2/14/2025 17:36,Leading provider of unique offerings for modern businesses.,1,0,Environmental Justice
612,1,PinnacleHealth,0,Designer leather shoes.,110,638,7/6/2025 16:10,0,Smoky and intense with smoked ham,Comfortable winter wear,7/6/2025 16:10,778,1,638,5/18/2024 10:13,Specialty innovative solutions for trendsetters.,1,0,Social Movements
613,1,SummitElectronics,0,Healthy energy bars.,684,639,8/19/2024 12:41,0,Floral and delicate with rose petals,Natural beard balms,8/19/2024 12:41,379,1,639,9/7/2023 15:44,High-quality fashion and apparel sourced from trusted suppliers.,1,0,Grassroots Organizations
614,1,ZenithSnacks,0,Organic baby toys.,298,640,3/4/2023 21:17,0,Tangy and spicy with chipotle peppers,Gourmet dessert sauces,3/4/2023 21:17,293,1,640,11/24/2025 20:19,Fun and educational children of all ages for innovative solutions.,1,0,Non-Governmental Organizations
615,1,HorizonBeauty,0,Specialty espresso machines.,9,641,12/15/2025 8:07,0,Creamy and sweet with vanilla custard,Outdoor fishing gear,12/15/2025 8:07,809,1,641,3/13/2024 22:37,Creative solutions for home and lifestyle products designed for daily use.,1,0,International Organizations
616,1,AuroraSports,0,Quality running gear.,922,642,10/27/2024 17:56,0,Fresh and bright with baby spinach,High-quality hiking boots,10/27/2024 17:56,372,1,642,8/22/2023 11:05,Premium home and lifestyle products for corporate efficiency.,1,0,United Nations
617,1,SierraToys,0,Innovative smartphone accessories.,229,643,1/20/2023 13:03,0,Nutty and crunchy with toasted almonds,Handcrafted pottery items,1/20/2023 13:03,550,1,643,6/6/2025 6:52,Advanced technology-driven services for cutting-edge designs.,1,0,World Health Organization
618,1,TitanTools,0,Comfortable athletic wear.,901,644,4/10/2025 6:48,0,Sharp and aromatic with cumin seeds,Sustainable travel kits,4/10/2025 6:48,431,1,644,12/2/2024 13:49,Reliable tools and equipment for smarter living.,1,0,World Bank
619,1,AtlasHome,0,Natural lip balms.,499,645,5/4/2024 14:31,0,Earthy and robust with black truffle,Delicious vegan desserts,5/4/2024 14:31,647,1,645,4/17/2023 19:27,Fun and educational home and lifestyle products for children of all ages.,1,0,International Monetary Fund
620,1,FusionCoffee,0,Gourmet spice racks.,825,646,9/23/2023 11:20,0,Light and fruity with pomegranate seeds,Natural body scrubs,9/23/2023 11:20,95,1,646,1/1/2025 8:40,Innovative tools to simplify everyday tasks.,1,0,European Union
621,1,PrimeJuice,0,Outdoor camping gear.,199,647,6/30/2025 19:42,0,Spicy and warm with cardamom pods,Premium ski equipment,6/30/2025 19:42,144,1,647,7/12/2024 15:16,Cutting-edge solutions for smarter office environments.,1,0,African Union
622,1,NextBakery,0,High-end fitness apparel.,160,648,3/14/2024 9:05,0,Sweet and rich with toffee sauce,Designer leather goods,3/14/2024 9:05,296,1,648,11/25/2023 21:03,Premium wellness programs for healthy living.,1,0,ASEAN
623,1,CorePets,0,Handmade jewelry pieces.,402,649,8/28/2023 15:16,0,Bold and smoky with mesquite charcoal,Healthy energy snacks,8/28/2023 15:16,898,1,649,3/21/2025 10:26,Creative culinary products for modern kitchens.,1,0,NAFTA
624,1,EpicTech,0,Sustainable fashion lines.,352,650,10/21/2025 22:34,0,Tangy and fresh with lemon juice,Organic baby apparel,10/21/2025 22:34,646,1,650,2/5/2024 12:44,Eco-conscious home decor for sustainable living.,1,0,Trade Agreements
625,1,AlphaFoods,0,Delicious gluten-free meals.,723,651,7/7/2024 5:42,0,Creamy and smooth with ricotta cheese,Specialty espresso machines,7/7/2024 5:42,45,1,651,6/16/2023 20:35,Advanced learning resources for students.,1,0,Global Trade
626,1,BetaWear,0,Natural skin toners.,64,652,12/12/2023 20:50,0,Fresh and crisp with iceberg lettuce,Quality running shoes,12/12/2023 20:50,692,1,652,8/3/2025 18:15,High-tech gadgets for tech enthusiasts.,1,0,Economic Development
627,1,GammaDrinks,0,Premium outdoor lighting.,732,653,1/29/2025 10:03,0,Nutty and smooth with cashew butter,Innovative smartphone cases,1/29/2025 10:03,303,1,653,4/3/2024 7:01,Stylish travel accessories for modern explorers.,1,0,Microfinance
628,1,DeltaGoods,0,Designer fashion scarves.,552,654,2/25/2024 16:57,0,Sharp and pungent with radish sprouts,Comfortable athletic socks,2/25/2024 16:57,84,1,654,10/22/2023 13:56,Freshly crafted beverages for all seasons.,1,0,Fair Trade
629,1,EpsilonMedia,0,Healthy protein bars.,637,655,6/6/2023 8:14,0,Earthy and sweet with roasted garlic,Natural lip care products,6/6/2023 8:14,806,1,655,5/27/2025 9:04,Interactive educational toys for children.,1,0,Corporate Social Responsibility
630,1,ZetaFresh,0,Organic hair care kits.,55,656,8/13/2025 13:23,0,Sweet and floral with rose water,Gourmet spice collections,8/13/2025 13:23,625,1,656,1/13/2024 6:48,Professional-grade kitchen appliances for home chefs.,1,0,Social Entrepreneurship
631,1,EtaCloth,0,Specialty cocktail glasses.,957,657,4/30/2024 18:37,0,Bright and citrusy with lemon peel,Outdoor camping supplies,4/30/2024 18:37,622,1,657,7/21/2023 19:28,Organic skincare solutions for healthy skin.,1,0,Impact Investing
632,1,ThetaHealth,0,Quality outdoor shoes.,794,658,11/19/2023 22:40,0,Smooth and rich with honey,High-end fitness machines,11/19/2023 22:40,421,1,658,9/23/2025 14:17,Smart fitness equipment for home workouts.,1,0,Sustainable Finance
633,1,IotaElectronics,0,Innovative fitness trackers.,474,659,3/3/2025 7:55,0,Fruity and tart with black cherry,Handmade jewelry collections,3/3/2025 7:55,178,1,659,6/1/2024 8:36,Premium pet accessories for animal lovers.,1,0,Green Bonds
634,1,KappaSnacks,0,Comfortable sleepwear sets.,13,660,9/26/2024 12:06,0,Spicy and warm with clove buds,Sustainable fashion lines,9/26/2024 12:06,127,1,660,2/16/2023 21:06,High-performance sports gear for active lifestyles.,1,0,Ethical Investing
635,1,LambdaBeauty,0,Natural facial moisturizers.,741,661,7/14/2023 6:22,0,Light and floral with violet syrup,Delicious gluten-free snacks,7/14/2023 6:22,762,1,661,12/16/2025 17:34,Digital solutions for business automation.,1,0,Financial Technology
636,1,MuSports,0,Gourmet baking tools.,120,662,5/18/2025 15:40,0,Sweet and creamy with vanilla ice cream,Natural skin care serums,5/18/2025 15:40,748,1,662,9/21/2024 11:43,Artisan handmade products for unique gifting.,1,0,Cryptocurrency
637,1,NuToys,0,Outdoor picnic gear.,280,663,1/15/2024 21:19,0,Bold and smoky with smoked cheddar,Premium outdoor furniture,1/15/2024 21:19,487,1,663,5/24/2023 5:27,Luxury bedding and home textiles.,1,0,Blockchain
638,1,XiTools,0,High-quality sports equipment.,546,664,10/8/2023 9:33,0,Tangy and fresh with pomegranate seeds,Designer fashion jewelry,10/8/2023 9:33,996,1,664,7/20/2025 20:52,Healthy snack alternatives for everyday nutrition.,1,0,Peer-to-Peer Lending
639,1,OmicronHome,0,Handcrafted wooden furniture.,979,665,12/3/2025 3:51,0,Creamy and soft with mascarpone cream,Healthy protein shakes,12/3/2025 3:51,114,1,665,10/6/2024 15:03,Modern furniture designs for contemporary homes.,1,0,Crowdfunding
640,1,PiCoffee,0,Sustainable home decor.,947,666,6/23/2024 14:27,0,Fresh and crisp with cucumber ribbons,Organic hair treatments,6/23/2024 14:27,685,1,666,1/30/2023 10:12,Eco-friendly packaging solutions for businesses.,1,0,Mobile Payments
641,1,RhoJuice,0,Delicious organic snacks.,809,667,2/20/2023 17:39,0,Nutty and rich with pecan nuts,Specialty cocktail mixers,2/20/2023 17:39,257,1,667,2/27/2025 7:50,Comprehensive software tools for productivity.,1,0,Digital Banking
642,1,SigmaBakery,0,Natural bath salts.,348,668,4/27/2025 11:42,0,Sharp and pungent with chili flakes,Quality outdoor apparel,4/27/2025 11:42,28,1,668,5/3/2024 19:18,Trendy lifestyle products for young professionals.,1,0,Insurance Technology
643,1,TauPets,0,Premium workout supplements.,432,669,8/10/2024 20:56,0,Earthy and deep with black pepper,Innovative fitness tools,8/10/2024 20:56,193,1,669,9/13/2023 22:29,Customized gift items for special occasions.,1,0,Regulatory Technology
644,1,UpsilonTech,0,Designer sunglasses cases.,209,670,5/16/2023 13:48,0,Sweet and juicy with plum,Comfortable loungewear,5/16/2023 13:48,542,1,670,11/16/2025 6:31,High-quality stationery for creative minds.,1,0,Risk Management
645,1,PhiFoods,0,Healthy hydration drinks.,326,671,7/21/2025 8:17,0,Spicy and bold with cayenne pepper,Natural facial cleansers,7/21/2025 8:17,519,1,671,3/9/2024 11:04,Smart home security solutions.,1,0,Compliance
646,1,ChiWear,0,Organic face creams.,544,672,10/5/2024 18:05,0,Light and citrusy with orange zest,Gourmet baking ingredients,10/5/2024 18:05,671,1,672,8/10/2023 8:55,Innovative cleaning products for home efficiency.,1,0,Anti-Money Laundering
647,1,PsiDrinks,0,Specialty tea infusers.,686,673,1/3/2023 22:30,0,Buttery and smooth with croissant layers,Outdoor picnic sets,1/3/2023 22:30,887,1,673,6/27/2025 15:44,Premium audio devices for music lovers.,1,0,Fraud Detection
648,1,OmegaGoods,0,Quality hiking shoes.,908,674,2/11/2025 6:13,0,Juicy and tropical with pineapple chunks,High-quality sportswear,2/11/2025 6:13,529,1,674,12/4/2024 13:26,Fashion-forward accessories for style enthusiasts.,1,0,Cybersecurity
649,1,ApexMedia,0,Innovative smart appliances.,931,675,5/27/2024 15:26,0,Smoky and intense with smoked trout,Handcrafted wooden toys,5/27/2024 15:26,442,1,675,4/27/2023 21:37,Organic beverages made from natural ingredients.,1,0,Data Privacy
650,1,NovaFresh,0,Comfortable sports clothing.,389,676,9/14/2023 10:35,0,Floral and delicate with elderflower petals,Sustainable home goods,9/14/2023 10:35,228,1,676,1/10/2025 17:52,Ergonomic office furniture for comfort and productivity.,1,0,Information Security
651,1,VegaCloth,0,Natural lipsticks.,812,677,11/9/2025 21:04,0,Tangy and spicy with ginger root,Delicious organic snacks,11/9/2025 21:04,334,1,677,7/18/2024 9:14,Art supplies for professional and hobby artists.,1,0,Identity Management
652,1,LunaHealth,0,Gourmet cooking oils.,191,678,3/22/2024 7:54,0,Creamy and sweet with custard,Natural bath salts,3/22/2024 7:54,113,1,678,11/12/2023 15:38,High-end home entertainment systems.,1,0,Access Control
653,1,OrionElectronics,0,Outdoor adventure gear.,249,679,8/2/2023 14:22,0,Fresh and bright with kale,Premium workout gear,8/2/2023 14:22,338,1,679,3/4/2025 6:09,Quality cookware for culinary perfection.,1,0,Encryption
654,1,StellarSnacks,0,High-end sound equipment.,219,680,6/15/2025 12:41,0,Nutty and crunchy with toasted walnuts,Designer sunglasses,6/15/2025 12:41,970,1,680,2/22/2024 20:43,Travel gear designed for comfort and convenience.,1,0,Network Security
655,1,CosmoBeauty,0,Handmade ceramic mugs.,874,681,12/29/2024 17:08,0,Sharp and aromatic with black cardamom,Healthy hydration products,12/29/2024 17:08,561,1,681,6/14/2023 13:02,Luxury skincare products for radiant skin.,1,0,Cloud Security
656,1,QuantumSports,0,Sustainable fashion brands.,476,682,4/8/2023 19:52,0,Earthy and robust with porcini powder,Organic face masks,4/8/2023 19:52,27,1,682,8/1/2025 11:19,Eco-friendly household cleaning products.,1,0,Application Security
657,1,VertexToys,0,Delicious vegan meals.,811,683,1/25/2025 5:27,0,Light and fruity with passion fruit pulp,Specialty tea blends,1/25/2025 5:27,343,1,683,4/15/2024 18:23,Smart kitchen appliances for modern living.,1,0,Incident Response
658,1,NimbusTools,0,Natural body lotions.,461,684,7/18/2024 10:46,0,Spicy and warm with mace,Quality hiking clothes,7/18/2024 10:46,270,1,684,10/28/2023 7:45,Professional photography equipment for enthusiasts.,1,0,Security Operations
659,1,HelixHome,0,Premium ski gear.,996,685,11/30/2023 15:18,0,Sweet and rich with butterscotch syrup,Innovative smart devices,11/30/2023 15:18,893,1,685,5/8/2025 21:53,Unique fashion items for trendsetters.,1,0,Threat Intelligence
660,1,PinnacleCoffee,0,Designer leather bags.,484,686,3/19/2025 20:30,0,Bold and smoky with hickory chips,Comfortable sports bras,3/19/2025 20:30,464,1,686,1/26/2024 10:12,High-quality baby care products.,1,0,Vulnerability Management
661,1,SummitJuice,0,Healthy snack packs.,156,687,2/11/2024 9:14,0,Tangy and fresh with lemon zest,Natural lip scrubs,2/11/2024 9:14,497,1,687,7/2/2023 16:48,Digital tools for creative professionals.,1,0,Penetration Testing
662,1,ZenithBakery,0,Organic baby products.,795,688,6/22/2023 13:49,0,Creamy and smooth with cream cheese filling,Gourmet cooking spices,6/22/2023 13:49,295,1,688,9/5/2025 19:39,Natural beauty products for everyday use.,1,0,Security Auditing
663,1,HorizonPets,0,Specialty coffee blends.,578,689,8/29/2025 6:07,0,Fresh and crisp with romaine hearts,Outdoor adventure equipment,8/29/2025 6:07,861,1,689,6/16/2024 14:04,Premium wellness supplements for balanced health.,1,0,Governance
664,1,AuroraTech,0,Quality running accessories.,106,690,4/14/2024 22:55,0,Nutty and smooth with almond paste,High-end fitness trackers,4/14/2024 22:55,157,1,690,2/7/2023 7:25,Stylish footwear for modern lifestyles.,1,0,Policy Management
665,1,SierraFoods,0,Innovative wireless headphones.,776,691,10/31/2023 11:33,0,Sharp and pungent with jalapeño,Handmade jewelry boxes,10/31/2023 11:33,97,1,691,12/5/2025 20:16,Innovative gardening tools for hobbyists.,1,0,Security Awareness Training
666,1,TitanWear,0,Comfortable yoga tops.,783,692,5/4/2025 18:40,0,Earthy and sweet with roasted pumpkin,Sustainable fashion accessories,5/4/2025 18:40,579,1,692,9/5/2024 15:09,Smart wearable technology for fitness tracking.,1,0,Disaster Recovery
667,1,AtlasDrinks,0,Natural hair conditioners.,523,693,1/27/2024 7:23,0,Sweet and floral with honeysuckle,Delicious gluten-free treats,1/27/2024 7:23,35,1,693,5/17/2023 6:48,Customizable home organization solutions.,1,0,Business Continuity
668,1,FusionGoods,0,Gourmet cheese assortments.,370,694,7/2/2023 14:16,0,Bright and citrusy with lime zest,Natural skin serums,7/2/2023 14:16,889,1,694,7/27/2025 8:41,Luxury home fragrance products.,1,0,Incident Management
669,1,PrimeMedia,0,Outdoor travel backpacks.,230,695,9/11/2025 21:01,0,Smooth and rich with vanilla glaze,Premium outdoor lighting,9/11/2025 21:01,29,1,695,10/17/2024 22:36,Organic health drinks for vitality.,1,0,Crisis Management
670,1,NextFresh,0,High-end audio systems.,121,696,6/8/2024 4:39,0,Fruity and tart with cranberry juice,Designer handbags,6/8/2024 4:39,49,1,696,1/21/2023 13:04,High-performance automotive accessories.,1,0,Emergency Response
671,1,CoreCloth,0,Handmade home accessories.,311,697,2/15/2023 17:22,0,Spicy and warm with nutmeg powder,Healthy meal replacements,2/15/2023 17:22,884,1,697,2/6/2025 12:33,Creative office solutions for productive environments.,1,0,Public Relations
672,1,EpicHealth,0,Sustainable gardening supplies.,849,698,12/25/2025 10:50,0,Light and floral with rose hip,Organic baby care,12/25/2025 10:50,251,1,698,5/22/2024 7:17,Artisan chocolate and confectionery.,1,0,Media Relations
673,1,AlphaElectronics,0,Delicious organic beverages.,349,699,9/3/2024 15:36,0,Sweet and creamy with clotted cream,Specialty coffee roasters,9/3/2024 15:36,857,1,699,9/9/2023 15:27,Modern lighting solutions for homes and offices.,1,0,Crisis Communication
674,1,BetaSnacks,0,Natural bath oils.,329,700,5/7/2023 12:48,0,Bold and smoky with smoked sausage,Quality running gear,5/7/2023 12:48,69,1,700,11/22/2025 20:01,Quality outdoor gear for adventure seekers.,1,0,Reputation Management
675,1,GammaBeauty,0,Premium workout clothing.,581,701,7/29/2025 8:24,0,Tangy and fresh with lime wedges,Innovative wireless chargers,7/29/2025 8:24,158,1,701,3/7/2024 6:09,Premium sound systems for immersive experiences.,1,0,Corporate Communication
676,1,DeltaSports,0,Designer men's accessories.,407,702,10/20/2024 19:17,0,Creamy and soft with cream cheese frosting,Comfortable yoga pants,10/20/2024 19:17,683,1,702,8/3/2023 18:17,Functional and stylish backpacks.,1,0,Internal Communication
677,1,EpsilonToys,0,Healthy snack options.,225,703,1/26/2023 23:03,0,Fresh and crisp with iceberg wedges,Natural hair oils,1/26/2023 23:03,297,1,703,6/17/2025 11:50,Eco-conscious personal care products.,1,0,Stakeholder Engagement
678,1,ZetaTools,0,Organic skincare products.,143,704,2/8/2025 14:27,0,Nutty and rich with pine nuts,Gourmet cheese boards,2/8/2025 14:27,395,1,704,12/11/2024 15:59,Digital marketing solutions for small businesses.,1,0,Investor Relations
679,1,EtaHome,0,Specialty baking sets.,713,705,5/16/2024 11:56,0,Sharp and pungent with green chili,Outdoor travel gear,5/16/2024 11:56,103,1,705,4/9/2023 21:05,Trendy eyewear for fashion enthusiasts.,1,0,Employee Communication
680,1,ThetaCoffee,0,Quality yoga gear.,714,706,9/28/2023 5:40,0,Earthy and deep with roasted coffee,High-end audio headphones,9/28/2023 5:40,799,1,706,1/22/2025 7:47,Smart thermostats for energy-efficient homes.,1,0,Change Management
681,1,IotaJuice,0,Innovative smart gadgets.,61,707,11/19/2025 17:58,0,Sweet and juicy with watermelon slices,Handmade home decor,11/19/2025 17:58,77,1,707,7/3/2024 18:24,Organic teas and herbal blends.,1,0,Leadership Development
682,1,KappaBakery,0,Comfortable winter wear.,393,708,3/1/2024 22:07,0,Spicy and bold with black chili,Sustainable gardening tools,3/1/2024 22:07,99,1,708,11/15/2023 12:01,High-quality kitchen gadgets for home chefs.,1,0,Talent Management
683,1,LambdaPets,0,Natural beard balms.,665,709,8/25/2023 13:14,0,Light and citrusy with mandarin orange,Delicious organic teas,8/25/2023 13:14,969,1,709,3/27/2025 15:33,Professional sports equipment for athletes.,1,0,Succession Planning
684,1,MuTech,0,Gourmet dessert sauces.,403,710,6/2/2025 9:49,0,Buttery and smooth with pastry dough,Natural bath bombs,6/2/2025 9:49,862,1,710,2/4/2024 11:45,Modern wellness products for a balanced lifestyle.,1,0,Organizational Development
685,1,NuFoods,0,Outdoor fishing gear.,8,711,12/15/2024 16:42,0,Juicy and tropical with passion fruit pulp,Premium workout gear,12/15/2024 16:42,287,1,711,6/19/2023 17:14,Custom jewelry pieces for unique style.,1,0,Team Building
686,1,XiWear,0,High-quality hiking boots.,315,712,4/23/2023 8:31,0,Smoky and intense with smoked brisket,Designer men's shoes,4/23/2023 8:31,676,1,712,8/24/2025 9:20,Innovative baby gear for modern parents.,1,0,Performance Management
687,1,OmicronDrinks,0,Handcrafted pottery items.,868,713,1/6/2025 20:03,0,Floral and delicate with jasmine aroma,Healthy snack mixes,1/6/2025 20:03,1000,1,713,4/7/2024 20:31,Luxury fashion accessories for every occasion.,1,0,Compensation & Benefits
688,1,PiGoods,0,Sustainable travel kits.,805,714,7/29/2024 12:18,0,Tangy and spicy with black pepper,Organic skincare kits,7/29/2024 12:18,937,1,714,10/16/2023 13:43,Eco-friendly office supplies for sustainability.,1,0,Employee Engagement
689,1,RhoMedia,0,Delicious vegan desserts.,755,715,11/14/2023 7:05,0,Creamy and sweet with vanilla pudding,Specialty baking tools,11/14/2023 7:05,946,1,715,5/29/2025 14:05,Creative educational tools for interactive learning.,1,0,Workplace Safety
690,1,SigmaFresh,0,Natural body scrubs.,285,716,3/28/2025 15:46,0,Fresh and bright with baby lettuce,Quality yoga blocks,3/28/2025 15:46,246,1,716,1/17/2024 6:54,High-quality bedding and linens.,1,0,Diversity & Inclusion
691,1,TauCloth,0,Premium ski equipment.,614,717,2/18/2024 18:23,0,Nutty and crunchy with pecan pieces,Innovative smart lighting,2/18/2024 18:23,988,1,717,7/8/2023 11:18,Smart lighting solutions for modern interiors.,1,0,Work-Life Balance
692,1,UpsilonHealth,0,Designer leather goods.,314,718,6/30/2023 6:14,0,Sharp and aromatic with anise seed,Comfortable winter jackets,6/30/2023 6:14,713,1,718,9/20/2025 21:22,Organic snacks for health-conscious consumers.,1,0,Remote Work
693,1,PhiElectronics,0,Healthy energy snacks.,500,719,8/5/2025 11:56,0,Earthy and robust with dried mushrooms,Natural beard oils,8/5/2025 11:56,201,1,719,6/23/2024 7:38,Premium digital cameras for photography enthusiasts.,1,0,Telecommuting
694,1,ChiSnacks,0,Organic baby apparel.,858,720,4/22/2024 20:41,0,Light and fruity with guava nectar,Gourmet dessert toppings,4/22/2024 20:41,216,1,720,2/9/2023 19:49,Functional and stylish home storage solutions.,1,0,Flexible Scheduling
695,1,PsiBeauty,0,Specialty espresso machines.,999,721,10/10/2023 16:33,0,Spicy and warm with cinnamon powder,Outdoor fishing accessories,10/10/2023 16:33,259,1,721,12/18/2025 5:12,Healthy meal options for busy lifestyles.,1,0,Employee Wellness
696,1,OmegaSports,0,Quality running shoes.,96,722,5/23/2025 10:29,0,Sweet and rich with caramel sauce,High-quality hiking gear,5/23/2025 10:29,333,1,722,9/16/2024 14:23,Professional-grade audio equipment.,1,0,Occupational Health & Safety
697,1,ApexToys,0,Innovative smartphone cases.,254,723,1/12/2024 5:41,0,Bold and smoky with mesquite flavor,Handcrafted pottery bowls,1/12/2024 5:41,220,1,723,5/21/2023 22:45,Trendy handbags and purses for fashion lovers.,1,0,Human Capital Management
698,1,NovaTools,0,Comfortable athletic socks.,697,724,7/26/2023 13:48,0,Tangy and fresh with lime juice,Sustainable travel accessories,7/26/2023 13:48,466,1,724,7/3/2025 8:56,Smart fitness trackers for health monitoring.,1,0,HR Analytics
699,1,VegaHome,0,Natural lip care products.,53,725,9/17/2025 19:12,0,Creamy and smooth with yogurt cream,Delicious vegan snacks,9/17/2025 19:12,164,1,725,10/4/2024 11:37,Organic body care products for sensitive skin.,1,0,Labor Relations
700,1,LunaCoffee,0,Gourmet spice collections.,958,726,6/30/2024 22:55,0,Fresh and crisp with romaine lettuce,Natural body scrubs,6/30/2024 22:55,68,1,726,1/25/2023 16:58,Luxury home decor for elegant living spaces.,1,0,Collective Bargaining
701,1,OrionJuice,0,Outdoor camping supplies.,369,727,2/3/2023 7:17,0,Nutty and smooth with peanut cream,Premium ski apparel,2/3/2023 7:17,240,1,727,2/13/2025 19:07,High-performance computing accessories.,1,0,Union Management
702,1,StellarBakery,0,High-end fitness machines.,737,728,12/12/2025 16:07,0,Sharp and pungent with mustard,Designer leather shoes,12/12/2025 16:07,817,1,728,5/11/2024 14:25,Unique handmade crafts for gifting and decoration.,1,0,Recruitment Marketing
703,1,CosmoPets,0,Handmade jewelry collections.,487,729,9/14/2024 10:36,0,Earthy and sweet with baked sweet potato,Healthy energy bars,9/14/2024 10:36,34,1,729,9/14/2023 5:38,Creative kitchen utensils for modern cooking.,1,0,Employer Branding
704,1,QuantumTech,0,Sustainable fashion lines.,22,730,5/25/2023 21:05,0,Sweet and floral with rose essence,Organic baby toys,5/25/2023 21:05,828,1,730,11/11/2025 22:43,Eco-friendly travel essentials for conscious travelers.,1,0,Candidate Experience
705,1,VertexFoods,0,Delicious gluten-free snacks.,112,731,7/8/2025 13:23,0,Bright and citrusy with lemon peel,Specialty espresso machines,7/8/2025 13:23,386,1,731,3/21/2024 7:22,Premium skincare solutions for all skin types.,1,0,Onboarding
706,1,NimbusWear,0,Natural skin care serums.,337,732,10/28/2024 6:49,0,Smooth and rich with honey glaze,Quality running gear,10/28/2024 6:49,179,1,732,8/20/2023 10:14,Stylish sportswear for active lifestyles.,1,0,Learning & Development
707,1,HelixDrinks,0,Premium outdoor furniture.,133,733,1/15/2023 14:31,0,Fruity and tart with cherry juice,Innovative smartphone accessories,1/15/2023 14:31,147,1,733,6/20/2025 20:16,Functional office organization tools.,1,0,Training Programs
708,1,PinnacleGoods,0,Designer fashion jewelry.,576,734,2/24/2025 20:04,0,Spicy and warm with allspice powder,Comfortable athletic wear,2/24/2025 20:04,927,1,734,12/8/2024 15:31,Organic juice blends for daily wellness.,1,0,eLearning
709,1,SummitMedia,0,Healthy protein shakes.,105,735,5/2/2024 12:17,0,Light and floral with lavender essence,Natural lip balms,5/2/2024 12:17,908,1,735,4/10/2023 9:08,Digital solutions for creative industries.,1,0,Mentoring
710,1,ZenithFresh,0,Organic hair treatments.,184,736,9/6/2023 18:47,0,Sweet and creamy with panna cotta,Gourmet spice racks,9/6/2023 18:47,596,1,736,1/19/2025 17:45,High-quality outdoor furniture for modern patios.,1,0,Coaching
711,1,HorizonCloth,0,Specialty cocktail mixers.,488,737,11/26/2025 7:59,0,Bold and smoky with smoked paprika,Outdoor camping gear,11/26/2025 7:59,320,1,737,7/17/2024 13:40,Luxury watches for fashion-forward individuals.,1,0,Career Development
712,1,AuroraHealth,0,Quality outdoor apparel.,854,738,3/18/2024 15:29,0,Tangy and fresh with lime zest,High-end fitness apparel,3/18/2024 15:29,549,1,738,11/3/2023 6:26,Innovative home improvement tools.,1,0,Leadership Training
713,1,SierraElectronics,0,Innovative fitness tools.,850,739,8/7/2023 9:54,0,Creamy and soft with mascarpone cheese,Handmade jewelry pieces,8/7/2023 9:54,576,1,739,3/15/2025 22:41,Smart home assistants for everyday convenience.,1,0,Compliance Training
714,1,TitanSnacks,0,Comfortable loungewear.,242,740,6/10/2025 21:13,0,Fresh and crisp with green apple slices,Sustainable fashion lines,6/10/2025 21:13,462,1,740,2/19/2024 8:14,Natural health supplements for vitality.,1,0,Soft Skills Training
715,1,AtlasBeauty,0,Natural facial cleansers.,368,741,12/5/2024 11:45,0,Nutty and rich with almond paste,Delicious gluten-free meals,12/5/2024 11:45,808,1,741,6/25/2023 12:53,Trendy tech gadgets for modern lifestyles.,1,0,Technical Training
716,1,FusionSports,0,Gourmet baking ingredients.,954,742,4/30/2023 6:36,0,Sharp and pungent with horseradish sauce,Natural skin toners,4/30/2023 6:36,770,1,742,8/6/2025 19:38,Premium artisan coffee and beverages.,1,0,Sales Training
717,1,PrimeToys,0,Outdoor picnic sets.,881,743,1/18/2025 17:22,0,Earthy and deep with roasted beets,Premium outdoor lighting,1/18/2025 17:22,611,1,743,4/20/2024 6:24,Eco-conscious cleaning supplies for households.,1,0,Customer Service Training
718,1,NextTools,0,High-quality sportswear.,823,744,7/11/2024 8:49,0,Sweet and juicy with ripe mango,Designer fashion scarves,7/11/2024 8:49,943,1,744,10/7/2023 16:09,Custom stationery for creative expression.,1,0,Product Training
719,1,CoreHome,0,Handcrafted wooden toys.,861,745,11/22/2023 19:40,0,Spicy and bold with chili powder,Healthy protein bars,11/22/2023 19:40,258,1,745,5/21/2025 10:37,Quality leather accessories for everyday use.,1,0,Management Training
720,1,EpicCoffee,0,Sustainable home goods.,189,746,3/7/2025 10:16,0,Light and citrusy with orange zest,Organic hair care kits,3/7/2025 10:16,393,1,746,1/14/2024 21:03,Digital learning platforms for students.,1,0,Project Management
721,1,AlphaJuice,0,Delicious organic snacks.,769,747,2/26/2024 14:33,0,Buttery and smooth with shortbread crust,Specialty cocktail glasses,2/26/2024 14:33,419,1,747,7/17/2023 7:55,Professional cooking tools for culinary enthusiasts.,1,0,Agile Methodology
722,1,BetaBakery,0,Natural bath salts.,181,748,6/11/2023 23:08,0,Juicy and tropical with papaya puree,Quality outdoor shoes,6/11/2023 23:08,308,1,748,9/12/2025 16:45,Modern furniture for small living spaces.,1,0,Scrum
723,1,GammaPets,0,Premium workout gear.,619,749,8/16/2025 5:52,0,Smoky and intense with smoked ham,Innovative fitness trackers,8/16/2025 5:52,302,1,749,6/20/2024 9:28,Smart water bottles for hydration tracking.,1,0,Kanban
724,1,DeltaTech,0,Designer sunglasses.,278,750,4/1/2024 16:18,0,Floral and delicate with rose petals,Comfortable sleepwear sets,4/1/2024 16:18,232,1,750,2/25/2023 14:56,Luxury spa products for relaxation at home.,1,0,Lean
725,1,EpsilonFoods,0,Healthy hydration products.,721,751,10/24/2023 13:45,0,Tangy and spicy with chipotle peppers,Natural facial moisturizers,10/24/2023 13:45,72,1,751,12/23/2025 5:37,High-quality gardening supplies for hobbyists.,1,0,Six Sigma
726,1,ZetaWear,0,Organic face masks.,262,752,5/9/2025 19:54,0,Creamy and sweet with vanilla custard,Gourmet baking tools,5/9/2025 19:54,176,1,752,9/24/2024 20:01,Trendy fashion items for seasonal collections.,1,0,Business Analysis
727,1,EtaDrinks,0,Specialty tea blends.,560,753,1/29/2024 22:03,0,Fresh and bright with baby spinach,Outdoor picnic gear,1/29/2024 22:03,801,1,753,5/15/2023 11:23,Organic skincare treatments for radiant beauty.,1,0,Requirements Gathering
728,1,ThetaGoods,0,Quality hiking clothes.,700,754,7/5/2023 7:27,0,Nutty and crunchy with toasted almonds,High-quality sports equipment,7/5/2023 7:27,994,1,754,7/10/2025 22:16,Functional travel organizers for convenience.,1,0,Process Improvement
729,1,IotaMedia,0,Innovative smart devices.,195,755,9/25/2025 11:36,0,Sharp and aromatic with cumin seeds,Handcrafted wooden furniture,9/25/2025 11:36,873,1,755,10/18/2024 18:24,Premium sound accessories for audiophiles.,1,0,Change Control
730,1,KappaFresh,0,Comfortable sports bras.,41,756,6/15/2024 20:42,0,Earthy and robust with black truffle,Sustainable home decor,6/15/2024 20:42,162,1,756,1/11/2023 6:55,Creative gift ideas for special celebrations.,1,0,Quality Assurance
731,1,LambdaCloth,0,Natural lip scrubs.,583,757,2/28/2023 10:51,0,Light and fruity with pomegranate seeds,Delicious organic snacks,2/28/2023 10:51,187,1,757,2/28/2025 12:38,Eco-friendly personal gadgets for sustainable living.,1,0,Testing
732,1,MuHealth,0,Gourmet cooking spices.,774,758,12/7/2025 6:18,0,Spicy and warm with cardamom pods,Natural bath salts,12/7/2025 6:18,486,1,758,5/13/2024 20:45,Smart home security cameras for modern homes.,1,0,Automation Testing
733,1,NuElectronics,0,Outdoor adventure equipment.,844,759,9/9/2024 17:26,0,Sweet and rich with toffee sauce,Premium workout supplements,9/9/2024 17:26,985,1,759,9/8/2023 14:28,Healthy cooking appliances for balanced meals.,1,0,Performance Testing
734,1,XiSnacks,0,High-end fitness trackers.,872,760,5/18/2023 12:47,0,Bold and smoky with mesquite charcoal,Designer sunglasses cases,5/18/2023 12:47,315,1,760,11/27/2025 7:22,High-performance gaming accessories for enthusiasts.,1,0,Security Testing
735,1,OmicronBeauty,0,Handmade jewelry boxes.,758,761,7/13/2025 15:33,0,Tangy and fresh with lemon juice,Healthy hydration drinks,7/13/2025 15:33,903,1,761,3/4/2024 18:37,Artisan baked goods for daily indulgence.,1,0,Usability Testing
736,1,PiSports,0,Sustainable fashion accessories.,467,762,10/11/2024 23:59,0,Creamy and smooth with ricotta cheese,Organic face creams,10/11/2024 23:59,309,1,762,8/22/2023 13:17,Luxury handbags and fashion accessories.,1,0,User Acceptance Testing
737,1,RhoToys,0,Delicious gluten-free treats.,89,763,1/29/2023 5:08,0,Fresh and crisp with iceberg lettuce,Specialty tea infusers,1/29/2023 5:08,747,1,763,6/23/2025 9:04,Innovative tech solutions for productivity.,1,0,Test Management
738,1,SigmaTools,0,Natural skin serums.,761,764,2/17/2025 9:52,0,Nutty and smooth with cashew butter,Quality hiking shoes,2/17/2025 9:52,17,1,764,12/9/2024 21:26,Functional home office furniture for remote workers.,1,0,Defect Tracking
739,1,TauHome,0,Premium outdoor lighting.,511,765,5/23/2024 16:04,0,Sharp and pungent with radish sprouts,Innovative smart appliances,5/23/2024 16:04,449,1,765,4/19/2023 5:42,Organic health supplements for daily use.,1,0,Continuous Integration
740,1,UpsilonCoffee,0,Designer handbags.,481,766,9/30/2023 21:36,0,Earthy and sweet with roasted garlic,Comfortable sports clothing,9/30/2023 21:36,65,1,766,1/2/2025 14:16,Creative DIY craft kits for kids and adults.,1,0,Continuous Deployment
741,1,PhiJuice,0,Healthy meal replacements.,585,767,11/15/2025 8:23,0,Sweet and floral with rose water,Natural lipsticks,11/15/2025 8:23,520,1,767,7/22/2024 11:54,Trendy home decor items for stylish interiors.,1,0,DevOps
742,1,ChiBakery,0,Organic baby care.,428,768,3/29/2024 13:57,0,Bright and citrusy with lemon peel,Gourmet cooking oils,3/29/2024 13:57,484,1,768,11/10/2023 19:38,Smart kitchen tools for efficient cooking.,1,0,Version Control
743,1,PsiPets,0,Specialty coffee roasters.,376,769,8/16/2023 19:12,0,Smooth and rich with honey,Outdoor adventure gear,8/16/2023 19:12,822,1,769,3/3/2025 15:02,Premium fitness equipment for home gyms.,1,0,Source Code Management
744,1,OmegaTech,0,Quality running gear.,268,770,6/7/2025 7:46,0,Fruity and tart with black cherry,High-end sound equipment,6/7/2025 7:46,651,1,770,2/15/2024 6:31,Eco-conscious fashion for sustainable living.,1,0,Build Automation
745,1,ApexFoods,0,Innovative wireless chargers.,803,771,12/18/2024 15:39,0,Spicy and warm with clove buds,Handmade ceramic mugs,12/18/2024 15:39,664,1,771,6/6/2023 18:45,High-quality baby products for modern parents.,1,0,Release Management
746,1,NovaWear,0,Comfortable yoga pants.,515,772,4/14/2023 10:29,0,Light and floral with violet syrup,Sustainable fashion brands,4/14/2023 10:29,48,1,772,8/20/2025 12:54,Digital marketing tools for growing businesses.,1,0,Configuration Management
747,1,VegaDrinks,0,Natural hair oils.,626,773,1/2/2025 22:47,0,Sweet and creamy with vanilla ice cream,Delicious vegan meals,1/2/2025 22:47,163,1,773,4/4/2024 22:15,Luxury bedroom accessories for elegant homes.,1,0,Infrastructure as Code
748,1,LunaGoods,0,Gourmet cheese boards.,151,774,7/26/2024 14:55,0,Bold and smoky with smoked cheddar,Natural body lotions,7/26/2024 14:55,719,1,774,10/29/2023 8:49,Professional photography lighting equipment.,1,0,Containerization
749,1,OrionMedia,0,Outdoor travel gear.,332,775,11/6/2023 5:12,0,Tangy and fresh with pomegranate seeds,Premium ski gear,11/6/2023 5:12,977,1,775,5/6/2025 17:32,Creative educational kits for young learners.,1,0,Microservices
750,1,StellarFresh,0,High-end audio headphones.,11,776,3/23/2025 18:24,0,Creamy and soft with mascarpone cream,Designer leather bags,3/23/2025 18:24,913,1,776,1/5/2024 7:58,Organic snacks and health foods for wellness.,1,0,Cloud Native
751,1,CosmoCloth,0,Handmade home decor.,603,777,2/10/2024 6:07,0,Fresh and crisp with cucumber ribbons,Healthy snack packs,2/10/2024 6:07,58,1,777,7/25/2023 15:40,Functional outdoor gear for adventure seekers.,1,0,Serverless
752,1,QuantumHealth,0,Sustainable gardening tools.,126,778,6/21/2023 13:38,0,Nutty and rich with pecan nuts,Organic baby products,6/21/2023 13:38,243,1,778,9/15/2025 9:03,Smart wearable devices for active lifestyles.,1,0,Edge Computing
753,1,VertexElectronics,0,Delicious organic teas.,646,779,8/28/2025 11:40,0,Sharp and pungent with chili flakes,Specialty coffee blends,8/28/2025 11:40,31,1,779,6/21/2024 20:45,Trendy office accessories for stylish workspaces.,1,0,Artificial Intelligence
754,1,NimbusSnacks,0,Natural bath bombs.,890,780,4/19/2024 20:53,0,Earthy and deep with black pepper,Quality running accessories,4/19/2024 20:53,15,1,780,2/1/2023 13:11,Premium audio devices for immersive sound experiences.,1,0,Machine Learning
755,1,HelixBeauty,0,Premium workout gear.,159,781,10/3/2023 17:14,0,Sweet and juicy with plum,Innovative wireless headphones,10/3/2023 17:14,789,1,781,12/6/2025 18:59,Eco-friendly home products for sustainable living.,1,0,Deep Learning
756,1,PinnacleSports,0,Designer men's shoes.,477,782,5/20/2025 12:25,0,Spicy and bold with cayenne pepper,Comfortable yoga tops,5/20/2025 12:25,919,1,782,9/11/2024 8:34,High-quality skincare products for healthy skin.,1,0,Natural Language Processing
757,1,SummitToys,0,Healthy snack mixes.,666,783,1/4/2024 7:46,0,Light and citrusy with orange zest,Natural hair conditioners,1/4/2024 7:46,635,1,783,5/29/2023 22:49,Creative tools for arts and crafts projects.,1,0,Computer Vision
758,1,ZenithTools,0,Organic skincare kits.,754,784,7/16/2023 21:19,0,Buttery and smooth with croissant layers,Gourmet cheese assortments,7/16/2023 21:19,883,1,784,7/4/2025 13:26,Luxury travel accessories for comfort and style.,1,0,Robotics Process Automation
759,1,HorizonHome,0,Specialty baking tools.,698,785,9/8/2025 14:33,0,Juicy and tropical with pineapple chunks,Outdoor travel backpacks,9/8/2025 14:33,159,1,785,10/19/2024 6:11,Smart home appliances for modern living.,1,0,Speech Recognition
760,1,AuroraCoffee,0,Quality yoga blocks.,241,786,6/22/2024 8:51,0,Smoky and intense with smoked trout,High-end audio systems,6/22/2024 8:51,51,1,786,1/19/2023 21:15,Functional and stylish kitchen storage solutions.,1,0,Chatbots
761,1,SierraJuice,0,Innovative smart lighting.,462,787,2/6/2023 15:22,0,Floral and delicate with elderflower petals,Handmade home accessories,2/6/2023 15:22,227,1,787,2/9/2025 17:48,Organic beverages and smoothies for vitality.,1,0,Recommendation Systems
762,1,TitanBakery,0,Comfortable winter jackets.,682,788,12/20/2025 19:07,0,Tangy and spicy with ginger root,Sustainable gardening supplies,12/20/2025 19:07,389,1,788,5/24/2024 10:36,Trendy fashion footwear for all occasions.,1,0,Predictive Analytics
763,1,AtlasPets,0,Natural beard oils.,330,789,9/18/2024 12:46,0,Creamy and sweet with custard,Delicious organic beverages,9/18/2024 12:46,89,1,789,9/16/2023 8:24,Premium wellness products for balanced lifestyles.,1,0,Data Mining
764,1,FusionTech,0,Gourmet dessert toppings.,510,790,5/10/2023 6:39,0,Fresh and bright with kale,Natural bath oils,5/10/2023 6:39,425,1,790,11/4/2025 20:19,High-performance tech gadgets for daily convenience.,1,0,Big Data
765,1,PrimeFoods,0,Outdoor fishing accessories.,678,791,7/30/2025 21:48,0,Nutty and crunchy with toasted walnuts,Premium workout clothing,7/30/2025 21:48,206,1,791,3/12/2024 15:44,Creative DIY kits for home projects.,1,0,Data Warehousing
766,1,NextWear,0,High-quality hiking gear.,496,792,10/1/2024 11:29,0,Sharp and aromatic with black cardamom,Designer men's accessories,10/1/2024 11:29,111,1,792,8/12/2023 6:28,Eco-conscious office supplies for sustainable workspaces.,1,0,Data Visualization
767,1,CoreDrinks,0,Handcrafted pottery bowls.,364,793,1/7/2023 14:05,0,Earthy and robust with porcini powder,Healthy snack options,1/7/2023 14:05,844,1,793,6/15/2025 18:42,Luxury home entertainment devices for immersive experiences.,1,0,Business Intelligence
768,1,EpicGoods,0,Sustainable travel accessories.,751,794,2/28/2025 17:51,0,Light and fruity with passion fruit pulp,Organic skincare products,2/28/2025 17:51,738,1,794,12/1/2024 11:53,Smart fitness solutions for health monitoring.,1,0,Data Governance
769,1,AlphaMedia,0,Delicious vegan snacks.,877,795,5/7/2024 7:04,0,Spicy and warm with mace,Specialty baking sets,5/7/2024 7:04,931,1,795,4/14/2023 21:12,Organic body care products for natural beauty.,1,0,Master Data Management
770,1,BetaFresh,0,Natural body scrubs.,990,796,9/22/2023 22:14,0,Sweet and rich with butterscotch syrup,Quality yoga gear,9/22/2023 22:14,52,1,796,1/11/2025 9:20,Functional home decor items for modern interiors.,1,0,Metadata Management
771,1,GammaCloth,0,Premium ski apparel.,798,797,11/10/2025 15:43,0,Bold and smoky with hickory chips,Innovative smart gadgets,11/10/2025 15:43,154,1,797,7/13/2024 16:34,Premium sports accessories for active individuals.,1,0,Data Quality
772,1,DeltaHealth,0,Designer leather shoes.,543,798,3/16/2024 10:58,0,Tangy and fresh with lemon zest,Comfortable winter wear,3/16/2024 10:58,592,1,798,11/29/2023 12:41,Trendy fashion clothing for seasonal collections.,1,0,Data Integration
773,1,EpsilonElectronics,0,Healthy energy bars.,406,799,8/27/2023 19:37,0,Creamy and smooth with cream cheese filling,Natural beard balms,8/27/2023 19:37,546,1,799,3/2/2025 7:29,High-quality home essentials for everyday use.,1,0,ETL
774,1,ZetaSnacks,0,Organic baby toys.,490,800,6/4/2025 8:06,0,Fresh and crisp with romaine hearts,Gourmet dessert sauces,6/4/2025 8:06,490,1,800,2/28/2024 21:17,Creative educational games and toys for children.,1,0,Streaming Data
775,1,EtaBeauty,0,Specialty espresso machines.,630,801,12/10/2024 22:19,0,Nutty and smooth with almond paste,Outdoor fishing gear,12/10/2024 22:19,992,1,801,6/10/2023 13:55,Eco-friendly personal care solutions for conscious living.,1,0,Real-time Analytics
776,1,ThetaSports,0,Quality running gear.,664,802,4/4/2023 13:24,0,Sharp and pungent with jalapeño,High-quality hiking boots,4/4/2023 13:24,143,1,802,8/4/2025 10:03,Smart home lighting and automation tools.,1,0,Spatial Data
777,1,IotaToys,0,Innovative smartphone accessories.,213,803,1/21/2025 5:50,0,Earthy and sweet with roasted pumpkin,Handcrafted pottery items,1/21/2025 5:50,493,1,803,4/23/2024 19:24,Luxury wellness products for daily indulgence.,1,0,Temporal Data
778,1,KappaTools,0,Comfortable athletic wear.,109,804,7/14/2024 17:42,0,Sweet and floral with honeysuckle,Sustainable travel kits,7/14/2024 17:42,39,1,804,10/11/2023 5:34,Functional office organization tools for productivity.,1,0,Time Series Analysis
779,1,LambdaHome,0,Natural lip balms.,818,805,11/27/2023 12:05,0,Bright and citrusy with lime zest,Delicious vegan desserts,11/27/2023 12:05,102,1,805,5/25/2025 15:41,Organic health drinks and snacks for balanced diets.,1,0,Sentiment Analysis
780,1,MuCoffee,0,Gourmet spice racks.,494,806,3/11/2025 21:35,0,Smooth and rich with vanilla glaze,Natural body scrubs,3/11/2025 21:35,979,1,806,1/16/2024 7:50,Premium tech accessories for modern gadgets.,1,0,Social Media Analytics
781,1,NuJuice,0,Outdoor camping gear.,799,807,2/21/2024 8:24,0,Fruity and tart with cranberry juice,Premium ski equipment,2/21/2024 8:24,317,1,807,7/6/2023 22:05,Trendy travel gear for convenience and style.,1,0,Customer Analytics
782,1,XiBakery,0,High-end fitness apparel.,520,808,6/5/2023 16:57,0,Spicy and warm with nutmeg powder,Designer leather goods,6/5/2023 16:57,409,1,808,9/14/2025 20:29,High-performance home appliances for modern living.,1,0,Fraud Analytics
783,1,OmicronPets,0,Handmade jewelry pieces.,722,809,8/12/2025 13:08,0,Light and floral with rose hip,Healthy energy snacks,8/12/2025 13:08,345,1,809,6/17/2024 14:16,Creative hobby kits for arts and crafts.,1,0,Risk Analytics
784,1,PiTech,0,Sustainable fashion lines.,85,810,4/25/2024 19:16,0,Sweet and creamy with clotted cream,Organic baby apparel,4/25/2024 19:16,850,1,810,2/10/2023 11:28,Eco-conscious fashion accessories for sustainable lifestyles.,1,0,Marketing Analytics
785,1,RhoFoods,0,Delicious gluten-free meals.,378,811,10/12/2023 7:33,0,Bold and smoky with smoked sausage,Specialty espresso machines,10/12/2023 7:33,481,1,811,12/21/2025 8:38,Luxury skincare and beauty products for radiant skin.,1,0,Supply Chain Analytics
786,1,SigmaWear,0,Natural skin toners.,316,812,5/28/2025 15:04,0,Tangy and fresh with lime wedges,Quality running shoes,5/28/2025 15:04,945,1,812,9/15/2024 16:09,Smart digital devices for home and work efficiency.,1,0,Financial Analytics
787,1,TauDrinks,0,Premium outdoor lighting.,367,813,1/22/2024 20:55,0,Creamy and soft with cream cheese frosting,Innovative smartphone cases,1/22/2024 20:55,404,1,813,5/19/2023 6:53,Functional furniture for modern and small spaces.,1,0,Healthcare Analytics
788,1,UpsilonGoods,0,Designer fashion scarves.,717,814,7/4/2023 10:21,0,Fresh and crisp with iceberg wedges,Comfortable athletic socks,7/4/2023 10:21,279,1,814,7/15/2025 22:19,Organic wellness products for daily use.,1,0,Text Analytics
789,1,PhiMedia,0,Healthy protein bars.,992,815,9/18/2025 18:22,0,Nutty and rich with pine nuts,Natural lip care products,9/18/2025 18:22,284,1,815,10/13/2024 12:47,Premium home improvement tools for DIY enthusiasts.,1,0,Image Analytics
790,1,ChiFresh,0,Organic hair care kits.,786,816,6/3/2024 6:40,0,Sharp and pungent with green chili,Gourmet spice collections,6/3/2024 6:40,693,1,816,1/12/2023 5:35,Trendy fashion jewelry for stylish looks.,1,0,Video Analytics
791,1,PsiCloth,0,Specialty cocktail glasses.,680,817,2/12/2023 14:39,0,Earthy and deep with roasted coffee,Outdoor camping supplies,2/12/2023 14:39,718,1,817,2/4/2025 21:32,High-quality educational resources for learning and development.,1,0,Audio Analytics
792,1,OmegaHealth,0,Quality outdoor shoes.,884,818,12/14/2025 9:16,0,Sweet and juicy with watermelon slices,High-end fitness machines,12/14/2025 9:16,570,1,818,5/20/2024 14:29,Creative cooking tools for modern kitchens.,1,0,Sensor Data Analytics
793,1,ApexElectronics,0,Innovative fitness trackers.,730,819,9/27/2024 15:51,0,Spicy and bold with black chili,Handmade jewelry collections,9/27/2024 15:51,967,1,819,9/4/2023 10:27,Eco-friendly outdoor gear for adventure lovers.,1,0,IoT Analytics
794,1,NovaSnacks,0,Comfortable sleepwear sets.,343,820,5/26/2023 22:04,0,Light and citrusy with mandarin orange,Sustainable fashion lines,5/26/2023 22:04,472,1,820,11/9/2025 18:55,Luxury home fragrances for relaxing environments.,1,0,Edge Analytics
795,1,VegaBeauty,0,Natural facial moisturizers.,323,821,7/7/2025 11:48,0,Buttery and smooth with pastry dough,Delicious gluten-free snacks,7/7/2025 11:48,777,1,821,3/17/2024 7:46,Smart wearable tech for lifestyle enhancement.,1,0,Cloud Analytics
796,1,LunaSports,0,Gourmet baking tools.,460,822,10/23/2024 16:37,0,Juicy and tropical with passion fruit pulp,Natural skin care serums,10/23/2024 16:37,645,1,822,8/21/2023 12:59,Functional storage solutions for organized homes.,1,0,Mobile Analytics
797,1,OrionToys,0,Outdoor picnic gear.,509,823,1/14/2023 8:59,0,Smoky and intense with smoked brisket,Premium outdoor furniture,1/14/2023 8:59,928,1,823,6/5/2025 15:18,Organic snacks and beverages for health-conscious consumers.,1,0,Web Analytics
798,1,StellarTools,0,High-quality sports equipment.,447,824,2/10/2025 21:12,0,Floral and delicate with jasmine aroma,Designer fashion jewelry,2/10/2025 21:12,149,1,824,12/13/2024 9:35,Premium fitness gear for home and gym use.,1,0,Clickstream Analytics
799,1,CosmoHome,0,Handcrafted wooden furniture.,638,825,5/15/2024 13:27,0,Tangy and spicy with black pepper,Healthy protein shakes,5/15/2024 13:27,192,1,825,4/2/2023 21:05,Trendy home decor for stylish living spaces.,1,0,Customer Journey Analytics
800,1,QuantumCoffee,0,Sustainable home decor.,101,826,9/3/2023 5:35,0,Creamy and sweet with vanilla pudding,Organic hair treatments,9/3/2023 5:35,269,1,826,1/5/2025 17:10,High-performance audio and visual equipment.,1,0,Customer Experience Analytics
801,1,VertexJuice,0,Delicious organic snacks.,473,827,11/18/2025 19:46,0,Fresh and bright with baby lettuce,Specialty cocktail mixers,11/18/2025 19:46,904,1,827,7/20/2024 11:42,Creative DIY kits for children and adults.,1,0,Voice of Customer
802,1,NimbusBakery,0,Natural bath salts.,702,828,3/23/2024 7:12,0,Nutty and crunchy with pecan pieces,Quality outdoor apparel,3/23/2024 7:12,743,1,828,11/4/2023 16:09,Eco-conscious travel accessories for sustainable trips.,1,0,Survey Analytics
803,1,HelixPets,0,Premium workout supplements.,200,829,8/6/2023 17:41,0,Sharp and aromatic with anise seed,Innovative fitness tools,8/6/2023 17:41,691,1,829,3/12/2025 19:48,Luxury fashion items for exclusive style.,1,0,Opinion Mining
804,1,PinnacleTech,0,Designer sunglasses cases.,238,830,6/16/2025 8:55,0,Earthy and robust with dried mushrooms,Comfortable loungewear,6/16/2025 8:55,165,1,830,2/13/2024 9:27,Smart kitchen gadgets for culinary convenience.,1,0,Competitive Intelligence
805,1,SummitFoods,0,Healthy hydration drinks.,974,831,12/1/2024 21:43,0,Light and fruity with guava nectar,Natural facial cleansers,12/1/2024 21:43,791,1,831,6/28/2023 22:41,Functional tech solutions for modern workplaces.,1,0,Market Intelligence
806,1,ZenithWear,0,Organic face creams.,456,832,4/12/2023 11:29,0,Spicy and warm with cinnamon powder,Gourmet baking ingredients,4/12/2023 11:29,422,1,832,8/22/2025 7:32,Organic personal care products for daily wellness.,1,0,Industry Analysis
807,1,HorizonDrinks,0,Specialty tea infusers.,210,833,1/14/2025 6:16,0,Sweet and rich with caramel sauce,Outdoor picnic sets,1/14/2025 6:16,875,1,833,4/24/2024 13:04,Premium educational toys for skill development.,1,0,Economic Analysis
808,1,AuroraGoods,0,Quality hiking shoes.,19,834,7/23/2024 14:39,0,Bold and smoky with mesquite flavor,High-quality sportswear,7/23/2024 14:39,332,1,834,10/25/2023 6:39,Trendy fashion apparel for contemporary trends.,1,0,Financial Analysis
809,1,SierraMedia,0,Innovative smart appliances.,175,835,11/10/2023 20:05,0,Tangy and fresh with lime juice,Handcrafted wooden toys,11/10/2023 20:05,67,1,835,5/19/2025 18:04,High-quality wellness products for everyday balance.,1,0,SWOT Analysis
810,1,TitanFresh,0,Comfortable sports clothing.,336,836,3/26/2025 9:34,0,Creamy and smooth with yogurt cream,Sustainable home goods,3/26/2025 9:34,382,1,836,1/11/2024 21:22,Creative office tools for productive workspaces.,1,0,PEST Analysis
811,1,AtlasCloth,0,Natural lipsticks.,118,837,2/6/2024 17:48,0,Fresh and crisp with romaine lettuce,Delicious organic snacks,2/6/2024 17:48,63,1,837,7/9/2023 14:16,Eco-friendly home cleaning supplies for sustainability.,1,0,Porter’s Five Forces
812,1,FusionHealth,0,Gourmet cooking oils.,284,838,6/24/2023 13:50,0,Nutty and smooth with peanut cream,Natural bath salts,6/24/2023 13:50,20,1,838,9/17/2025 8:05,Luxury lifestyle products for modern living.,1,0,Scenario Planning
813,1,PrimeElectronics,0,Outdoor adventure gear.,14,839,8/18/2025 5:27,0,Sharp and pungent with mustard,Premium workout gear,8/18/2025 5:27,428,1,839,6/10/2024 19:34,Smart home solutions for energy efficiency.,1,0,Strategic Planning
814,1,NextSnacks,0,High-end sound equipment.,183,840,4/9/2024 12:41,0,Earthy and sweet with baked sweet potato,Designer sunglasses,4/9/2024 12:41,653,1,840,2/24/2023 13:28,Functional fitness equipment for health enthusiasts.,1,0,Business Planning
815,1,CoreBeauty,0,Handmade ceramic mugs.,663,841,10/6/2023 19:07,0,Sweet and floral with rose essence,Healthy hydration products,10/6/2023 19:07,37,1,841,12/3/2025 5:07,Organic health products for balanced nutrition.,1,0,Corporate Strategy
816,1,EpicSports,0,Sustainable fashion brands.,375,842,5/10/2025 14:18,0,Bright and citrusy with lemon peel,Organic face masks,5/10/2025 14:18,42,1,842,9/8/2024 20:26,Premium tech gadgets for daily convenience.,1,0,Growth Strategy
817,1,AlphaToys,0,Delicious vegan meals.,604,843,1/10/2024 20:52,0,Smooth and rich with honey glaze,Specialty tea blends,1/10/2024 20:52,630,1,843,5/23/2023 11:50,Trendy accessories for fashion-forward individuals.,1,0,Innovation Management
818,1,BetaTools,0,Natural body lotions.,530,844,7/22/2023 8:33,0,Fruity and tart with cherry juice,Quality hiking clothes,7/22/2023 8:33,288,1,844,7/18/2025 7:15,High-performance home tools for DIY projects.,1,0,Change Management
819,1,GammaHome,0,Premium ski gear.,128,845,9/21/2025 11:41,0,Spicy and warm with allspice powder,Innovative smart devices,9/21/2025 11:41,488,1,845,10/26/2024 14:54,Creative educational kits for interactive learning.,1,0,Crisis Management
820,1,DeltaCoffee,0,Designer leather bags.,672,846,6/19/2024 15:24,0,Light and floral with lavender essence,Comfortable sports bras,6/19/2024 15:24,606,1,846,1/6/2023 16:37,Eco-conscious fashion for environmentally aware consumers.,1,0,Risk Management
821,1,EpsilonJuice,0,Healthy snack packs.,434,847,2/27/2023 22:10,0,Sweet and creamy with panna cotta,Natural lip scrubs,2/27/2023 22:10,413,1,847,2/16/2025 19:43,Luxury skincare and wellness solutions.,1,0,Project Portfolio Management
822,1,ZetaBakery,0,Organic baby products.,559,848,12/9/2025 6:36,0,Bold and smoky with smoked paprika,Gourmet cooking spices,12/9/2025 6:36,190,1,848,5/14/2024 8:22,Smart devices for modern home automation.,1,0,Program Management
823,1,EtaPets,0,Specialty coffee blends.,441,849,9/10/2024 9:54,0,Tangy and fresh with lime zest,Outdoor adventure equipment,9/10/2024 9:54,972,1,849,9/12/2023 13:47,Functional storage and organization for tidy spaces.,1,0,"Governance, Risk and Compliance"
824,1,ThetaTech,0,Quality running accessories.,934,850,5/22/2023 16:43,0,Creamy and soft with mascarpone cheese,High-end fitness trackers,5/22/2023 16:43,642,1,850,11/13/2025 22:36,Organic snacks and beverages for daily wellness.,1,0,Enterprise Architecture
825,1,IotaFoods,0,Innovative wireless headphones.,624,851,7/25/2025 20:13,0,Fresh and crisp with green apple slices,Handmade jewelry boxes,7/25/2025 20:13,513,1,851,3/6/2024 7:50,Premium sports gear for active lifestyles.,1,0,IT Strategy
826,1,KappaWear,0,Comfortable yoga tops.,338,852,10/2/2024 12:38,0,Nutty and rich with almond paste,Sustainable fashion accessories,10/2/2024 12:38,620,1,852,8/18/2023 18:02,Trendy home and office decor for stylish interiors.,1,0,Digital Transformation
827,1,LambdaDrinks,0,Natural hair conditioners.,662,853,1/5/2023 5:47,0,Sharp and pungent with horseradish sauce,Delicious gluten-free treats,1/5/2023 5:47,914,1,853,6/26/2025 10:44,High-quality creative tools for arts and crafts.,1,0,Technology Management
828,1,MuGoods,0,Gourmet cheese assortments.,30,854,2/15/2025 14:55,0,Earthy and deep with roasted beets,Natural skin serums,2/15/2025 14:55,78,1,854,12/7/2024 14:56,Creative DIY solutions for home improvement.,1,0,Service Management
829,1,NuMedia,0,Outdoor travel backpacks.,791,855,5/28/2024 19:08,0,Sweet and juicy with ripe mango,Premium outdoor lighting,5/28/2024 19:08,974,1,855,4/21/2023 5:38,Eco-friendly personal gadgets for sustainable use.,1,0,ITIL
830,1,XiFresh,0,High-end audio systems.,652,856,9/10/2023 7:29,0,Spicy and bold with chili powder,Designer handbags,9/10/2023 7:29,237,1,856,1/23/2025 13:11,Luxury travel essentials for comfort and style.,1,0,COBIT
831,1,OmicronCloth,0,Handmade home accessories.,169,857,11/23/2025 17:44,0,Light and citrusy with orange zest,Healthy meal replacements,11/23/2025 17:44,253,1,857,7/10/2024 19:28,Smart home appliances for efficiency and convenience.,1,0,ISO Standards
832,1,PiHealth,0,Sustainable gardening supplies.,994,858,3/3/2024 10:02,0,Buttery and smooth with shortbread crust,Organic baby care,3/3/2024 10:02,446,1,858,11/1/2023 10:47,Functional tech accessories for modern workspaces.,1,0,Compliance Management
833,1,RhoElectronics,0,Delicious organic beverages.,43,859,8/19/2023 14:23,0,Juicy and tropical with papaya puree,Specialty coffee roasters,8/19/2023 14:23,356,1,859,3/10/2025 15:22,Organic beauty and personal care items.,1,0,Audit Management
834,1,SigmaSnacks,0,Natural bath oils.,654,860,6/13/2025 21:11,0,Smoky and intense with smoked ham,Quality running gear,6/13/2025 21:11,633,1,860,2/20/2024 6:36,Premium educational products for children and adults.,1,0,Vendor Management
835,1,TauBeauty,0,Premium workout clothing.,688,861,12/12/2024 6:47,0,Floral and delicate with rose petals,Innovative wireless chargers,12/12/2024 6:47,57,1,861,6/13/2023 18:41,Trendy fashion and lifestyle accessories.,1,0,Contract Management
836,1,UpsilonSports,0,Designer men's accessories.,504,862,4/25/2023 19:34,0,Tangy and spicy with chipotle peppers,Comfortable yoga pants,4/25/2023 19:34,715,1,862,8/7/2025 12:48,High-performance fitness and wellness gear.,1,0,Procurement Management
837,1,PhiToys,0,Healthy snack options.,712,863,1/4/2025 8:09,0,Creamy and sweet with vanilla custard,Natural hair oils,1/4/2025 8:09,12,1,863,4/6/2024 20:29,Creative home and office organization solutions.,1,0,Supply Chain Management
838,1,ChiTools,0,Organic skincare products.,371,864,7/9/2024 16:33,0,Fresh and bright with baby spinach,Gourmet cheese boards,7/9/2024 16:33,702,1,864,10/17/2023 7:54,Eco-conscious household items for sustainability.,1,0,Inventory Management
839,1,PsiHome,0,Specialty baking sets.,536,865,11/16/2023 13:54,0,Nutty and crunchy with toasted almonds,Outdoor travel gear,11/16/2023 13:54,285,1,865,5/30/2025 17:10,Luxury wellness and self-care products.,1,0,Warehouse Management
840,1,OmegaCoffee,0,Quality yoga gear.,415,866,3/20/2025 22:42,0,Sharp and aromatic with cumin seeds,High-end audio headphones,3/20/2025 22:42,877,1,866,1/9/2024 11:22,Smart digital solutions for everyday convenience.,1,0,Transportation Management
841,1,ApexJuice,0,Innovative smart gadgets.,506,867,2/23/2024 9:10,0,Earthy and robust with black truffle,Handmade home decor,2/23/2024 9:10,522,1,867,7/15/2023 20:05,Functional kitchen and home gadgets.,1,0,Order Management
842,1,NovaBakery,0,Comfortable winter wear.,340,868,6/9/2023 17:19,0,Light and fruity with pomegranate seeds,Sustainable gardening tools,6/9/2023 17:19,764,1,868,9/11/2025 14:53,Organic health and nutrition products.,1,0,Demand Planning
843,1,VegaPets,0,Natural beard balms.,251,869,8/21/2025 12:47,0,Spicy and warm with cardamom pods,Delicious organic teas,8/21/2025 12:47,230,1,869,6/14/2025 10:04,Premium audio and visual home devices.,1,0,Sales & Operations Planning
844,1,LunaTech,0,Gourmet dessert sauces.,535,870,4/26/2024 20:03,0,Sweet and rich with toffee sauce,Natural bath bombs,4/26/2024 20:03,824,1,870,12/15/2024 18:24,Trendy fashion items for modern lifestyles.,1,0,Customer Relationship Management
845,1,OrionFoods,0,Outdoor fishing gear.,657,871,10/1/2023 5:37,0,Bold and smoky with mesquite charcoal,Premium workout gear,10/1/2023 5:37,443,1,871,4/20/2023 6:45,High-quality educational and learning tools.,1,0,Sales Force Automation
846,1,StellarWear,0,High-quality hiking boots.,51,872,5/15/2025 14:29,0,Tangy and fresh with lemon juice,Designer men's shoes,5/15/2025 14:29,636,1,872,1/20/2025 13:58,Creative DIY kits for hobby enthusiasts.,1,0,Marketing Automation
847,1,CosmoDrinks,0,Handcrafted pottery items.,879,873,1/18/2024 21:15,0,Creamy and smooth with ricotta cheese,Healthy snack mixes,1/18/2024 21:15,313,1,873,7/4/2024 21:07,Eco-friendly home and personal accessories.,1,0,Field Service Management
848,1,QuantumGoods,0,Sustainable travel kits.,950,874,7/9/2023 6:23,0,Fresh and crisp with iceberg lettuce,Organic skincare kits,7/9/2023 6:23,104,1,874,11/7/2023 16:29,Luxury home and lifestyle products.,1,0,Product Lifecycle Management
849,1,VertexMedia,0,Delicious vegan desserts.,965,875,9/22/2025 13:38,0,Nutty and smooth with cashew butter,Specialty baking tools,9/22/2025 13:38,13,1,875,3/24/2025 11:38,Smart wearable tech for health and fitness tracking.,1,0,Quality Management
850,1,NimbusFresh,0,Natural body scrubs.,856,876,6/7/2024 19:59,0,Sharp and pungent with radish sprouts,Quality yoga blocks,6/7/2024 19:59,768,1,876,2/16/2024 7:56,Functional outdoor and travel gear.,1,0,Environmental Management
851,1,HelixCloth,0,Premium ski equipment.,408,877,2/19/2023 10:06,0,Earthy and sweet with roasted garlic,Innovative smart lighting,2/19/2023 10:06,656,1,877,6/27/2023 18:41,Organic beverages and health foods for wellness.,1,0,Health & Safety Management
852,1,PinnacleHealth,0,Designer leather goods.,905,878,12/22/2025 15:53,0,Sweet and floral with rose water,Comfortable winter jackets,12/22/2025 15:53,188,1,878,8/19/2025 14:03,Premium home improvement and DIY tools.,1,0,Facilities Management
853,1,SummitElectronics,0,Healthy energy snacks.,347,879,9/19/2024 8:17,0,Bright and citrusy with lemon peel,Natural beard oils,9/19/2024 8:17,672,1,879,4/13/2024 12:39,Trendy office and creative workspace products.,1,0,Property Management
854,1,ZenithSnacks,0,Organic baby apparel.,952,880,5/13/2023 21:36,0,Smooth and rich with honey,Gourmet dessert toppings,5/13/2023 21:36,810,1,880,10/5/2023 19:28,High-performance digital devices for home and work.,1,0,Real Estate Management
855,1,HorizonBeauty,0,Specialty espresso machines.,24,881,7/9/2025 11:25,0,Fruity and tart with black cherry,Outdoor fishing accessories,7/9/2025 11:25,182,1,881,5/14/2025 9:53,Creative arts and crafts supplies.,1,0,Construction Management
856,1,AuroraSports,0,Quality running shoes.,949,882,10/29/2024 6:41,0,Spicy and warm with clove buds,High-quality hiking gear,10/29/2024 6:41,811,1,882,1/21/2024 20:10,Eco-conscious lifestyle and fashion products.,1,0,Engineering Management
857,1,SierraToys,0,Innovative smartphone cases.,987,883,1/18/2023 13:08,0,Light and floral with violet syrup,Handcrafted pottery bowls,1/18/2023 13:08,571,1,883,7/14/2023 7:54,Luxury kitchen and home essentials.,1,0,Maintenance Management
858,1,TitanTools,0,Comfortable athletic socks.,360,884,2/5/2025 20:49,0,Sweet and creamy with vanilla ice cream,Sustainable travel accessories,2/5/2025 20:49,189,1,884,9/19/2025 16:25,Smart gadgets for convenience and efficiency.,1,0,Asset Management
859,1,AtlasHome,0,Natural lip care products.,938,885,5/12/2024 14:33,0,Bold and smoky with smoked cheddar,Delicious vegan snacks,5/12/2024 14:33,929,1,885,6/14/2024 8:34,Functional fitness and wellness solutions.,1,0,Fleet Management
860,1,FusionCoffee,0,Gourmet spice collections.,475,886,9/5/2023 8:24,0,Tangy and fresh with pomegranate seeds,Natural body scrubs,9/5/2023 8:24,471,1,886,2/9/2023 13:27,Organic personal care and beauty products.,1,0,Transportation Safety
861,1,PrimeJuice,0,Outdoor camping supplies.,557,887,11/29/2025 18:07,0,Creamy and soft with mascarpone cream,Premium ski apparel,11/29/2025 18:07,956,1,887,12/23/2025 5:58,Premium educational and learning resources.,1,0,Public Transportation
862,1,NextBakery,0,High-end fitness machines.,699,888,3/14/2024 10:39,0,Fresh and crisp with cucumber ribbons,Designer leather shoes,3/14/2024 10:39,119,1,888,9/26/2024 18:44,Trendy fashion and lifestyle accessories for all ages.,1,0,Railway Operations
863,1,CorePets,0,Handmade jewelry collections.,50,889,8/24/2023 15:57,0,Nutty and rich with pecan nuts,Healthy energy bars,8/24/2023 15:57,807,1,889,5/12/2023 21:21,High-quality home and office organization solutions.,1,0,Airline Operations
864,1,EpicTech,0,Sustainable fashion lines.,919,890,6/8/2025 6:31,0,Sharp and pungent with chili flakes,Organic baby toys,6/8/2025 6:31,518,1,890,7/11/2025 7:39,Creative DIY and craft kits for all enthusiasts.,1,0,Airport Management
865,1,AlphaFoods,0,Delicious gluten-free snacks.,353,891,12/22/2024 21:12,0,Earthy and deep with black pepper,Specialty espresso machines,12/22/2024 21:12,300,1,891,10/25/2024 14:58,Eco-friendly tools and products for sustainable living.,1,0,Maritime Operations
866,1,BetaWear,0,Natural skin care serums.,599,892,4/6/2023 7:49,0,Sweet and juicy with plum,Quality running gear,4/6/2023 7:49,915,1,892,1/11/2023 6:48,"Luxury wellness, beauty, and self-care items.",1,0,Port Management
867,1,GammaDrinks,0,Premium outdoor furniture.,875,893,1/29/2025 19:03,0,Spicy and bold with cayenne pepper,Innovative smartphone accessories,1/29/2025 19:03,725,1,893,2/14/2025 17:36,Smart home automation and digital devices.,1,0,Logistics Management
868,1,DeltaGoods,0,Designer fashion jewelry.,832,894,7/21/2024 10:18,0,Light and citrusy with orange zest,Comfortable athletic wear,7/21/2024 10:18,608,1,894,5/18/2024 10:13,"Functional kitchen, home, and office gadgets.",1,0,Freight Forwarding
869,1,EpsilonMedia,0,Healthy protein shakes.,591,895,11/5/2023 15:43,0,Buttery and smooth with croissant layers,Natural lip balms,11/5/2023 15:43,838,1,895,9/7/2023 15:44,"Organic nutrition, health, and beverage products.",1,0,Customs Brokerage
870,1,ZetaFresh,0,Organic hair treatments.,318,896,3/17/2025 7:58,0,Juicy and tropical with pineapple chunks,Gourmet spice racks,3/17/2025 7:58,495,1,896,11/24/2025 20:19,"Premium sports, fitness, and wellness equipment.",1,0,Import/Export
871,1,EtaCloth,0,Specialty cocktail mixers.,374,897,2/14/2024 12:30,0,Smoky and intense with smoked trout,Outdoor camping gear,2/14/2024 12:30,960,1,897,3/13/2024 22:37,"Trendy fashion, footwear, and accessory collections.",1,0,Trade Compliance
872,1,ThetaHealth,0,Quality outdoor apparel.,628,898,6/17/2023 21:11,0,Floral and delicate with elderflower petals,High-end fitness apparel,6/17/2023 21:11,262,1,898,8/22/2023 11:05,"High-performance tech, audio, and visual devices.",1,0,Supply Chain Security
873,1,IotaElectronics,0,Innovative fitness tools.,345,899,8/2/2025 8:44,0,Tangy and spicy with ginger root,Handmade jewelry pieces,8/2/2025 8:44,140,1,899,6/6/2025 6:52,"Creative educational, hobby, and DIY supplies.",1,0,Cold Chain Management
874,1,KappaSnacks,0,Comfortable loungewear.,463,900,4/11/2024 17:06,0,Creamy and sweet with custard,Sustainable fashion lines,4/11/2024 17:06,787,1,900,12/2/2024 13:49,"Eco-conscious fashion, lifestyle, and personal products.",1,0,Reverse Logistics
875,1,LambdaBeauty,0,Natural facial cleansers.,640,901,10/20/2023 11:35,0,Fresh and bright with kale,Delicious gluten-free meals,10/20/2023 11:35,638,1,901,4/17/2023 19:27,"Luxury home, kitchen, and lifestyle essentials.",1,0,Last Mile Delivery
876,1,MuSports,0,Gourmet baking ingredients.,840,902,5/22/2025 20:23,0,Nutty and crunchy with toasted walnuts,Natural skin toners,5/22/2025 20:23,83,1,902,1/1/2025 8:40,"Smart digital, wearable, and tech solutions.",1,0,Delivery Drones
877,1,NuToys,0,Outdoor picnic sets.,108,903,1/8/2024 7:19,0,Sharp and aromatic with black cardamom,Premium outdoor lighting,1/8/2024 7:19,461,1,903,7/12/2024 15:16,"Functional home, office, and fitness tools.",1,0,Autonomous Vehicles
878,1,XiTools,0,High-quality sportswear.,20,904,7/12/2023 13:44,0,Earthy and robust with porcini powder,Designer fashion scarves,7/12/2023 13:44,133,1,904,11/25/2023 21:03,"Organic health, snack, and beverage products.",1,0,Smart Cities
879,1,OmicronHome,0,Handcrafted wooden toys.,704,905,9/30/2025 15:04,0,Light and fruity with passion fruit pulp,Healthy protein bars,9/30/2025 15:04,689,1,905,3/21/2025 10:26,"Premium creative, sports, and learning resources.",1,0,Urban Mobility
880,1,PiCoffee,0,Sustainable home goods.,192,906,6/25/2024 8:12,0,Spicy and warm with mace,Organic hair care kits,6/25/2024 8:12,76,1,906,2/5/2024 12:44,"Trendy lifestyle, fashion, and decor items.",1,0,Electric Vehicles
881,1,RhoJuice,0,Delicious organic snacks.,420,907,2/4/2023 22:50,0,Sweet and rich with butterscotch syrup,Specialty cocktail glasses,2/4/2023 22:50,711,1,907,6/16/2023 20:35,"High-quality digital, home, and educational gadgets.",1,0,Charging Infrastructure
882,1,SigmaBakery,0,Natural bath salts.,75,908,12/1/2025 10:38,0,Bold and smoky with hickory chips,Quality outdoor shoes,12/1/2025 10:38,779,1,908,8/3/2025 18:15,Smart home devices for energy efficiency.,1,0,Connected Vehicles
883,1,TauPets,0,Premium workout gear.,780,909,9/22/2024 17:49,0,Tangy and fresh with lemon zest,Innovative fitness trackers,9/22/2024 17:49,910,1,909,4/3/2024 7:01,Premium kitchen appliances for modern cooking.,1,0,Mobility as a Service
884,1,UpsilonTech,0,Designer sunglasses.,148,910,5/28/2023 11:44,0,Creamy and smooth with cream cheese filling,Comfortable sleepwear sets,5/28/2023 11:44,480,1,910,10/22/2023 13:56,Trendy fashion items for young adults.,1,0,Ride Sharing
885,1,PhiFoods,0,Healthy hydration products.,287,911,7/2/2025 20:01,0,Fresh and crisp with romaine hearts,Natural facial moisturizers,7/2/2025 20:01,698,1,911,5/27/2025 9:04,Eco-friendly office supplies for sustainability.,1,0,Car Sharing
886,1,ChiWear,0,Organic face masks.,772,912,10/16/2024 14:28,0,Nutty and smooth with almond paste,Gourmet baking tools,10/16/2024 14:28,717,1,912,1/13/2024 6:48,High-quality outdoor adventure gear.,1,0,Bike Sharing
887,1,PsiDrinks,0,Specialty tea blends.,130,913,1/9/2023 6:20,0,Sharp and pungent with jalapeño,Outdoor picnic gear,1/9/2023 6:20,804,1,913,7/21/2023 19:28,Creative educational toys for early learning.,1,0,Scooter Sharing
888,1,OmegaGoods,0,Quality hiking clothes.,459,914,2/22/2025 19:17,0,Earthy and sweet with roasted pumpkin,High-quality sports equipment,2/22/2025 19:17,707,1,914,9/23/2025 14:17,Luxury skincare products for sensitive skin.,1,0,Public Bike Systems
889,1,ApexMedia,0,Innovative smart devices.,324,915,5/19/2024 12:36,0,Sweet and floral with honeysuckle,Handcrafted wooden furniture,5/19/2024 12:36,115,1,915,6/1/2024 8:36,Functional home storage solutions.,1,0,Public Transport Apps
890,1,NovaFresh,0,Comfortable sports bras.,202,916,9/11/2023 8:23,0,Bright and citrusy with lime zest,Sustainable home decor,9/11/2023 8:23,537,1,916,2/16/2023 21:06,Organic beverages for daily wellness.,1,0,Traffic Management
891,1,VegaCloth,0,Natural lip scrubs.,945,917,11/1/2025 21:15,0,Smooth and rich with vanilla glaze,Delicious organic snacks,11/1/2025 21:15,823,1,917,12/16/2025 17:34,Smart fitness equipment for home workouts.,1,0,Parking Management
892,1,LunaHealth,0,Gourmet cooking spices.,982,918,3/27/2024 15:50,0,Fruity and tart with cranberry juice,Natural bath salts,3/27/2024 15:50,207,1,918,9/21/2024 11:43,Trendy home decor for contemporary interiors.,1,0,Toll Collection
893,1,OrionElectronics,0,Outdoor adventure equipment.,350,919,8/4/2023 7:38,0,Spicy and warm with nutmeg powder,Premium workout supplements,8/4/2023 7:38,831,1,919,5/24/2023 5:27,Premium sports gear for active lifestyles.,1,0,Road Maintenance
894,1,StellarSnacks,0,High-end fitness trackers.,815,920,6/25/2025 13:29,0,Light and floral with rose hip,Designer sunglasses cases,6/25/2025 13:29,616,1,920,7/20/2025 20:52,Eco-conscious travel accessories.,1,0,Bridge & Tunnel Management
895,1,CosmoBeauty,0,Handmade jewelry boxes.,739,921,12/20/2024 9:05,0,Sweet and creamy with clotted cream,Healthy hydration drinks,12/20/2024 9:05,305,1,921,10/6/2024 15:03,High-performance tech gadgets for professionals.,1,0,Road Safety
896,1,QuantumSports,0,Sustainable fashion accessories.,516,922,4/18/2023 20:13,0,Bold and smoky with smoked sausage,Organic face creams,4/18/2023 20:13,816,1,922,1/30/2023 10:12,Creative DIY kits for crafting enthusiasts.,1,0,Driver Assistance Systems
897,1,VertexToys,0,Delicious gluten-free treats.,592,923,1/7/2025 6:42,0,Tangy and fresh with lime wedges,Specialty tea infusers,1/7/2025 6:42,980,1,923,2/27/2025 7:50,Luxury wellness products for self-care routines.,1,0,Autonomous Driving
898,1,NimbusTools,0,Natural skin serums.,548,924,7/7/2024 16:31,0,Creamy and soft with cream cheese frosting,Quality hiking shoes,7/7/2024 16:31,995,1,924,5/3/2024 19:18,Functional office organization tools.,1,0,Vehicle-to-Everything Communication
899,1,HelixHome,0,Premium outdoor lighting.,525,925,11/18/2023 11:15,0,Fresh and crisp with iceberg wedges,Innovative smart appliances,11/18/2023 11:15,612,1,925,9/13/2023 22:29,Organic snacks and health foods.,1,0,Vehicle Telematics
900,1,PinnacleCoffee,0,Designer handbags.,538,926,3/22/2025 18:05,0,Nutty and rich with pine nuts,Comfortable sports clothing,3/22/2025 18:05,733,1,926,11/16/2025 6:31,Smart wearable devices for fitness tracking.,1,0,Fleet Telematics
901,1,SummitJuice,0,Healthy meal replacements.,231,927,2/7/2024 20:14,0,Sharp and pungent with green chili,Natural lipsticks,2/7/2024 20:14,827,1,927,3/9/2024 11:04,Trendy lifestyle accessories for modern living.,1,0,Usage-Based Insurance
902,1,ZenithBakery,0,Organic baby care.,115,928,6/13/2023 6:36,0,Earthy and deep with roasted coffee,Gourmet cooking oils,6/13/2023 6:36,556,1,928,8/10/2023 8:55,Premium audio systems for immersive experiences.,1,0,Predictive Maintenance
903,1,HorizonPets,0,Specialty coffee roasters.,257,929,8/25/2025 13:40,0,Sweet and juicy with watermelon slices,Outdoor adventure gear,8/25/2025 13:40,411,1,929,6/27/2025 15:44,Eco-friendly home cleaning products.,1,0,Connected Car
904,1,AuroraTech,0,Quality running gear.,590,930,4/8/2024 8:59,0,Spicy and bold with black chili,High-end sound equipment,4/8/2024 8:59,73,1,930,12/4/2024 13:26,High-quality educational resources for students.,1,0,In-Vehicle Infotainment
905,1,SierraFoods,0,Innovative wireless chargers.,400,931,10/14/2023 16:08,0,Light and citrusy with mandarin orange,Handmade ceramic mugs,10/14/2023 16:08,924,1,931,4/27/2023 21:37,Creative hobby supplies for arts and crafts.,1,0,Car Navigation
906,1,TitanWear,0,Comfortable yoga pants.,983,932,5/31/2025 11:50,0,Buttery and smooth with pastry dough,Sustainable fashion brands,5/31/2025 11:50,26,1,932,1/10/2025 17:52,Luxury home fragrance products.,1,0,Vehicle Security
907,1,AtlasDrinks,0,Natural hair oils.,539,933,1/20/2024 19:45,0,Juicy and tropical with passion fruit pulp,Delicious vegan meals,1/20/2024 19:45,88,1,933,7/18/2024 9:14,Functional kitchen gadgets for efficiency.,1,0,Car Audio
908,1,FusionGoods,0,Gourmet cheese boards.,843,934,7/23/2023 9:16,0,Smoky and intense with smoked brisket,Natural body lotions,7/23/2023 9:16,505,1,934,11/12/2023 15:38,Organic personal care products.,1,0,Car Lighting
909,1,PrimeMedia,0,Outdoor travel gear.,28,935,9/10/2025 22:53,0,Floral and delicate with jasmine aroma,Premium ski gear,9/10/2025 22:53,394,1,935,3/4/2025 6:09,Smart digital devices for home and work.,1,0,Car Interior
910,1,NextFresh,0,High-end audio headphones.,421,936,6/11/2024 14:03,0,Tangy and spicy with black pepper,Designer leather bags,6/11/2024 14:03,678,1,936,2/22/2024 20:43,Trendy fashion footwear for all occasions.,1,0,Car Exterior
911,1,CoreCloth,0,Handmade home decor.,558,937,2/26/2023 5:40,0,Creamy and sweet with vanilla pudding,Healthy snack packs,2/26/2023 5:40,33,1,937,6/14/2023 13:02,Premium wellness supplements for daily health.,1,0,Car Performance
912,1,EpicHealth,0,Sustainable gardening tools.,401,938,12/27/2025 15:33,0,Fresh and bright with baby lettuce,Organic baby products,12/27/2025 15:33,202,1,938,8/1/2025 11:19,Eco-conscious fashion accessories.,1,0,Car Customization
913,1,AlphaElectronics,0,Delicious organic teas.,136,939,9/4/2024 10:52,0,Nutty and crunchy with pecan pieces,Specialty coffee blends,9/4/2024 10:52,947,1,939,4/15/2024 18:23,High-performance sports equipment.,1,0,Car Repair & Maintenance
914,1,BetaSnacks,0,Natural bath bombs.,81,940,5/15/2023 21:08,0,Sharp and aromatic with anise seed,Quality running accessories,5/15/2023 21:08,437,1,940,10/28/2023 7:45,Creative media tools for content creators.,1,0,Car Wash
915,1,GammaBeauty,0,Premium workout gear.,615,941,7/14/2025 6:23,0,Earthy and robust with dried mushrooms,Innovative wireless headphones,7/14/2025 6:23,239,1,941,5/8/2025 21:53,Luxury home textiles and bedding.,1,0,Auto Parts
916,1,DeltaSports,0,Designer men's shoes.,117,942,10/8/2024 20:27,0,Light and fruity with guava nectar,Comfortable yoga tops,10/8/2024 20:27,383,1,942,1/26/2024 10:12,Functional storage solutions for homes.,1,0,Tires & Wheels
917,1,EpsilonToys,0,Healthy snack mixes.,99,943,1/24/2023 13:49,0,Spicy and warm with cinnamon powder,Natural hair conditioners,1/24/2023 13:49,709,1,943,7/2/2023 16:48,Organic body care products for natural beauty.,1,0,Batteries & Electrical
918,1,ZetaTools,0,Organic skincare kits.,806,944,2/13/2025 8:18,0,Sweet and rich with caramel sauce,Gourmet cheese assortments,2/13/2025 8:18,559,1,944,9/5/2025 19:39,Smart home security devices.,1,0,Engine Components
919,1,EtaHome,0,Specialty baking tools.,820,945,5/9/2024 15:41,0,Bold and smoky with mesquite flavor,Outdoor travel backpacks,5/9/2024 15:41,876,1,945,6/16/2024 14:04,Trendy office furniture for modern workspaces.,1,0,Transmission Components
920,1,ThetaCoffee,0,Quality yoga blocks.,45,946,9/25/2023 17:30,0,Tangy and fresh with lime juice,High-end audio systems,9/25/2023 17:30,478,1,946,2/7/2023 7:25,Premium tech accessories for daily use.,1,0,Brakes & Suspension
921,1,IotaJuice,0,Innovative smart lighting.,503,947,11/12/2025 22:15,0,Creamy and smooth with yogurt cream,Handmade home accessories,11/12/2025 22:15,984,1,947,12/5/2025 20:16,Eco-friendly packaging solutions.,1,0,Cooling Systems
922,1,KappaBakery,0,Comfortable winter jackets.,102,948,3/8/2024 7:02,0,Fresh and crisp with romaine lettuce,Sustainable gardening supplies,3/8/2024 7:02,19,1,948,9/5/2024 15:09,High-quality outdoor furniture.,1,0,Exhaust Systems
923,1,LambdaPets,0,Natural beard oils.,383,949,8/13/2023 18:35,0,Nutty and smooth with peanut cream,Delicious organic beverages,8/13/2023 18:35,91,1,949,5/17/2023 6:48,Creative learning tools for children.,1,0,Fuel Systems
924,1,MuTech,0,Gourmet dessert toppings.,335,950,6/18/2025 10:44,0,Sharp and pungent with mustard,Natural bath oils,6/18/2025 10:44,833,1,950,7/27/2025 8:41,Luxury travel essentials for comfort.,1,0,Steering Systems
925,1,NuFoods,0,Outdoor fishing accessories.,837,951,12/6/2024 12:27,0,Earthy and sweet with baked sweet potato,Premium workout clothing,12/6/2024 12:27,307,1,951,10/17/2024 22:36,Functional gym equipment for home workouts.,1,0,Safety & Security
926,1,XiWear,0,High-quality hiking gear.,966,952,4/13/2023 16:03,0,Sweet and floral with rose essence,Designer men's accessories,4/13/2023 16:03,796,1,952,1/21/2023 13:04,Organic teas and herbal drinks.,1,0,Tools & Equipment
927,1,OmicronDrinks,0,Handcrafted pottery bowls.,951,953,1/26/2025 9:19,0,Bright and citrusy with lemon peel,Healthy snack options,1/26/2025 9:19,377,1,953,2/6/2025 12:33,Smart home lighting solutions.,1,0,Garage Equipment
928,1,PiGoods,0,Sustainable travel accessories.,923,954,7/24/2024 5:54,0,Smooth and rich with honey glaze,Organic skincare products,7/24/2024 5:54,860,1,954,5/22/2024 7:17,Trendy fashion jewelry and accessories.,1,0,Workshop Supplies
929,1,RhoMedia,0,Delicious vegan snacks.,222,955,11/2/2023 22:10,0,Fruity and tart with cherry juice,Specialty baking sets,11/2/2023 22:10,761,1,955,9/9/2023 15:27,Premium cooking utensils for chefs.,1,0,Car Care Products
930,1,SigmaFresh,0,Natural body scrubs.,584,956,3/6/2025 19:38,0,Spicy and warm with allspice powder,Quality yoga gear,3/6/2025 19:38,637,1,956,11/22/2025 20:01,Eco-conscious personal gadgets.,1,0,Motorcycles
931,1,TauCloth,0,Premium ski apparel.,277,957,2/27/2024 14:22,0,Light and floral with lavender essence,Innovative smart gadgets,2/27/2024 14:22,746,1,957,3/7/2024 6:09,High-performance gaming peripherals.,1,0,ATVs
932,1,UpsilonHealth,0,Designer leather shoes.,631,958,6/8/2023 7:34,0,Sweet and creamy with panna cotta,Comfortable winter wear,6/8/2023 7:34,374,1,958,8/3/2023 18:17,Creative DIY home improvement kits.,1,0,Snowmobiles
933,1,PhiElectronics,0,Healthy energy bars.,65,959,8/11/2025 15:05,0,Bold and smoky with smoked paprika,Natural beard balms,8/11/2025 15:05,229,1,959,6/17/2025 11:50,Luxury skincare and beauty products.,1,0,Scooters
934,1,ChiSnacks,0,Organic baby toys.,100,960,4/28/2024 11:26,0,Tangy and fresh with lime zest,Gourmet dessert sauces,4/28/2024 11:26,951,1,960,12/11/2024 15:59,Functional travel organizers.,1,0,Electric Bikes
935,1,PsiBeauty,0,Specialty espresso machines.,561,961,5/21/2025 10:37,0,Creamy and soft with mascarpone cheese,Outdoor fishing gear,5/21/2025 10:37,61,1,961,4/9/2023 21:05,Organic wellness drinks and snacks.,1,0,Electric Scooters
936,1,OmegaSports,0,Quality running gear.,526,962,1/14/2024 21:03,0,Fresh and crisp with green apple slices,High-quality hiking boots,1/14/2024 21:03,359,1,962,1/22/2025 7:47,Smart kitchen appliances for convenience.,1,0,Personal Transporters
937,1,ApexToys,0,Innovative smartphone accessories.,346,963,7/17/2023 7:55,0,Nutty and rich with almond paste,Handcrafted pottery items,7/17/2023 7:55,248,1,963,7/3/2024 18:24,Trendy home office supplies.,1,0,Segways
938,1,NovaTools,0,Comfortable athletic wear.,344,964,9/12/2025 16:45,0,Sharp and pungent with horseradish sauce,Sustainable travel kits,9/12/2025 16:45,64,1,964,11/15/2023 12:01,Premium sports apparel.,1,0,Hoverboards
939,1,VegaHome,0,Natural lip balms.,304,965,6/20/2024 9:28,0,Earthy and deep with roasted beets,Delicious vegan desserts,6/20/2024 9:28,238,1,965,3/27/2025 15:33,Eco-friendly stationery for sustainable use.,1,0,Unicycles
940,1,LunaCoffee,0,Gourmet spice racks.,671,966,2/25/2023 14:56,0,Sweet and juicy with ripe mango,Natural body scrubs,2/25/2023 14:56,327,1,966,2/4/2024 11:45,High-quality audio and visual devices.,1,0,Mobility Scooters
941,1,OrionJuice,0,Outdoor camping gear.,208,967,12/23/2025 5:37,0,Spicy and bold with chili powder,Premium ski equipment,12/23/2025 5:37,250,1,967,6/19/2023 17:14,Creative educational kits for interactive learning.,1,0,Wheelchairs
942,1,StellarBakery,0,High-end fitness apparel.,363,968,9/24/2024 20:01,0,Light and citrusy with orange zest,Designer leather goods,9/24/2024 20:01,376,1,968,8/24/2025 9:20,Luxury fashion accessories.,1,0,Prosthetics
943,1,CosmoPets,0,Handmade jewelry pieces.,233,969,5/15/2023 11:23,0,Buttery and smooth with shortbread crust,Healthy energy snacks,5/15/2023 11:23,340,1,969,4/7/2024 20:31,Functional home gadgets for daily convenience.,1,0,Orthotics
944,1,QuantumTech,0,Sustainable fashion lines.,885,970,7/10/2025 22:16,0,Juicy and tropical with papaya puree,Organic baby apparel,7/10/2025 22:16,256,1,970,10/16/2023 13:43,Organic health and nutrition products.,1,0,Medical Supplies
945,1,VertexFoods,0,Delicious gluten-free meals.,816,971,10/18/2024 18:24,0,Smoky and intense with smoked ham,Specialty espresso machines,10/18/2024 18:24,935,1,971,5/29/2025 14:05,Smart wearable tech for lifestyle monitoring.,1,0,Rehabilitation Equipment
946,1,NimbusWear,0,Natural skin toners.,73,972,1/11/2023 6:55,0,Floral and delicate with rose petals,Quality running shoes,1/11/2023 6:55,957,1,972,1/17/2024 6:54,Trendy home decor and furnishings.,1,0,Physical Therapy
947,1,HelixDrinks,0,Premium outdoor lighting.,150,973,2/28/2025 12:38,0,Tangy and spicy with chipotle peppers,Innovative smartphone cases,2/28/2025 12:38,71,1,973,7/8/2023 11:18,Premium DIY and craft tools.,1,0,Occupational Therapy
948,1,PinnacleGoods,0,Designer fashion scarves.,293,974,5/13/2024 20:45,0,Creamy and sweet with vanilla custard,Comfortable athletic socks,5/13/2024 20:45,981,1,974,9/20/2025 21:22,Eco-conscious lifestyle products.,1,0,Speech Therapy
949,1,SummitMedia,0,Healthy protein bars.,973,975,9/8/2023 14:28,0,Fresh and bright with baby spinach,Natural lip care products,9/8/2023 14:28,213,1,975,6/23/2024 7:38,High-performance tech solutions for work.,1,0,Assistive Technology
950,1,ZenithFresh,0,Organic hair care kits.,232,976,11/27/2025 7:22,0,Nutty and crunchy with toasted almonds,Gourmet spice collections,11/27/2025 7:22,870,1,976,2/9/2023 19:49,Creative arts and craft supplies.,1,0,Hearing Aids
951,1,HorizonCloth,0,Specialty cocktail glasses.,206,977,3/4/2024 18:37,0,Sharp and aromatic with cumin seeds,Outdoor camping supplies,3/4/2024 18:37,926,1,977,12/18/2025 5:12,Luxury wellness and self-care items.,1,0,Vision Aids
952,1,AuroraHealth,0,Quality outdoor shoes.,933,978,8/22/2023 13:17,0,Earthy and robust with black truffle,High-end fitness machines,8/22/2023 13:17,773,1,978,9/16/2024 14:23,Functional outdoor gear for adventures.,1,0,Dental Equipment
953,1,SierraElectronics,0,Innovative fitness trackers.,940,979,6/23/2025 9:04,0,Light and fruity with pomegranate seeds,Handmade jewelry collections,6/23/2025 9:04,93,1,979,5/21/2023 22:45,Organic snacks and beverages for health.,1,0,Surgical Equipment
954,1,TitanSnacks,0,Comfortable sleepwear sets.,178,980,12/9/2024 21:26,0,Spicy and warm with cardamom pods,Sustainable fashion lines,12/9/2024 21:26,562,1,980,7/3/2025 8:56,Smart home automation devices.,1,0,Laboratory Equipment
955,1,AtlasBeauty,0,Natural facial moisturizers.,15,981,4/19/2023 5:42,0,Sweet and rich with toffee sauce,Delicious gluten-free snacks,4/19/2023 5:42,591,1,981,10/4/2024 11:37,Trendy lifestyle gadgets for modern users.,1,0,Diagnostic Equipment
956,1,FusionSports,0,Gourmet baking tools.,634,982,1/2/2025 14:16,0,Bold and smoky with mesquite charcoal,Natural skin care serums,1/2/2025 14:16,687,1,982,1/25/2023 16:58,Premium educational toys for skill development.,1,0,Imaging Equipment
957,1,PrimeToys,0,Outdoor picnic gear.,306,983,7/22/2024 11:54,0,Tangy and fresh with lemon juice,Premium outdoor furniture,7/22/2024 11:54,151,1,983,2/13/2025 19:07,Eco-friendly cleaning and household products.,1,0,Hospital Furniture
958,1,NextTools,0,High-quality sports equipment.,430,984,11/10/2023 19:38,0,Creamy and smooth with ricotta cheese,Designer fashion jewelry,11/10/2023 19:38,726,1,984,5/11/2024 14:25,High-quality fashion clothing.,1,0,Patient Care
959,1,CoreHome,0,Handcrafted wooden furniture.,167,985,3/3/2025 15:02,0,Fresh and crisp with iceberg lettuce,Healthy protein shakes,3/3/2025 15:02,544,1,985,9/14/2023 5:38,Creative digital solutions for business.,1,0,Pharmacy Equipment
960,1,EpicCoffee,0,Sustainable home decor.,103,986,2/15/2024 6:31,0,Nutty and smooth with cashew butter,Organic hair treatments,2/15/2024 6:31,208,1,986,11/11/2025 22:43,Luxury kitchen and dining products.,1,0,Medical IT
961,1,AlphaJuice,0,Delicious organic snacks.,237,987,6/6/2023 18:45,0,Sharp and pungent with radish sprouts,Specialty cocktail mixers,6/6/2023 18:45,507,1,987,3/21/2024 7:22,Functional fitness accessories for home use.,1,0,Healthcare Software
962,1,BetaBakery,0,Natural bath salts.,800,988,8/20/2025 12:54,0,Earthy and sweet with roasted garlic,Quality outdoor apparel,8/20/2025 12:54,181,1,988,8/20/2023 10:14,Organic personal care and beauty items.,1,0,Health Information Management
963,1,GammaPets,0,Premium workout supplements.,785,989,4/4/2024 22:15,0,Sweet and floral with rose water,Innovative fitness tools,4/4/2024 22:15,56,1,989,6/20/2025 20:16,Smart tech gadgets for convenience.,1,0,Telehealth
964,1,DeltaTech,0,Designer sunglasses cases.,69,990,10/29/2023 8:49,0,Bright and citrusy with lemon peel,Comfortable loungewear,10/29/2023 8:49,694,1,990,12/8/2024 15:31,Trendy fashion and lifestyle items.,1,0,Remote Patient Monitoring
965,1,EpsilonFoods,0,Healthy hydration drinks.,899,991,5/6/2025 17:32,0,Smooth and rich with honey,Natural facial cleansers,5/6/2025 17:32,378,1,991,4/10/2023 9:08,Premium home improvement tools.,1,0,Healthcare Analytics
966,1,ZetaWear,0,Organic face creams.,930,992,1/5/2024 7:58,0,Fruity and tart with black cherry,Gourmet baking ingredients,1/5/2024 7:58,196,1,992,1/19/2025 17:45,Eco-conscious travel essentials.,1,0,Population Health Management
967,1,EtaDrinks,0,Specialty tea infusers.,566,993,7/25/2023 15:40,0,Spicy and warm with clove buds,Outdoor picnic sets,7/25/2023 15:40,280,1,993,7/17/2024 13:40,High-performance audio equipment.,1,0,Clinical Decision Support
968,1,ThetaGoods,0,Quality hiking shoes.,641,994,9/15/2025 9:03,0,Light and floral with violet syrup,High-quality sportswear,9/15/2025 9:03,268,1,994,11/3/2023 6:26,Creative DIY and hobby kits.,1,0,Electronic Health Records
969,1,IotaMedia,0,Innovative smart appliances.,168,995,6/21/2024 20:45,0,Sweet and creamy with vanilla ice cream,Handcrafted wooden toys,6/21/2024 20:45,358,1,995,3/15/2025 22:41,Luxury home and lifestyle products.,1,0,Health Information Exchange
970,1,KappaFresh,0,Comfortable sports clothing.,588,996,2/1/2023 13:11,0,Bold and smoky with smoked cheddar,Sustainable home goods,2/1/2023 13:11,370,1,996,2/19/2024 8:14,Functional office tools and supplies.,1,0,Patient Engagement
971,1,LambdaCloth,0,Natural lipsticks.,215,997,12/6/2025 18:59,0,Tangy and fresh with pomegranate seeds,Delicious organic snacks,12/6/2025 18:59,36,1,997,6/25/2023 12:53,Organic health and wellness products.,1,0,Health Literacy
972,1,MuHealth,0,Gourmet cooking oils.,540,998,9/11/2024 8:34,0,Creamy and soft with mascar,Natural bath salts,9/11/2024 8:34,648,1,998,8/6/2025 19:38,Smart wearable devices for daily tracking.,1,0,Care Coordination
973,1,NuElectronics,0,Outdoor adventure gear.,235,999,5/29/2023 22:49,0,Fruity and tart with black cherry,Premium workout gear,5/29/2023 22:49,986,1,999,4/20/2024 6:24,Trendy home and office furniture.,1,0,Medication Management
974,1,XiSnacks,0,High-end sound equipment.,320,1000,7/4/2025 13:26,0,Spicy and warm with clove buds,Designer sunglasses,7/4/2025 13:26,137,1,1000,10/7/2023 16:09,Premium sports and fitness equipment.,1,0,Fishing
975,1,OmicronBeauty,0,,,,,,,,,,,,,,,,
976,1,PiSports,0,,,,,,,,,,,,,,,,
977,1,RhoToys,0,,,,,,,,,,,,,,,,
978,1,SigmaTools,0,,,,,,,,,,,,,,,,
979,1,TauHome,0,,,,,,,,,,,,,,,,
980,1,UpsilonCoffee,0,,,,,,,,,,,,,,,,
981,1,PhiJuice,0,,,,,,,,,,,,,,,,
982,1,ChiBakery,0,,,,,,,,,,,,,,,,
983,1,PsiPets,0,,,,,,,,,,,,,,,,
984,1,OmegaTech,0,,,,,,,,,,,,,,,,
985,1,ApexFoods,0,,,,,,,,,,,,,,,,
986,1,NovaWear,0,,,,,,,,,,,,,,,,
987,1,VegaDrinks,0,,,,,,,,,,,,,,,,
988,1,LunaGoods,0,,,,,,,,,,,,,,,,
989,1,OrionMedia,0,,,,,,,,,,,,,,,,
990,1,StellarFresh,0,,,,,,,,,,,,,,,,
991,1,CosmoCloth,0,,,,,,,,,,,,,,,,
992,1,QuantumHealth,0,,,,,,,,,,,,,,,,
993,1,VertexElectronics,0,,,,,,,,,,,,,,,,
994,1,NimbusSnacks,0,,,,,,,,,,,,,,,,
995,1,HelixBeauty,0,,,,,,,,,,,,,,,,
996,1,PinnacleSports,0,,,,,,,,,,,,,,,,
997,1,SummitToys,0,,,,,,,,,,,,,,,,
998,1,ZenithTools,0,,,,,,,,,,,,,,,,
999,1,HorizonHome,0,,,,,,,,,,,,,,,,
1000,1,AuroraCoffee,0,,,,,,,,,,,,,,,,
